-3.771535291037428350e-01
-4.640012018727483478e-01
3.671056520082141561e-01
2.962039775322384272e-01
3.814873054782894624e-01
-2.528994338975673606e-01
1.311957937215378067e-01
-2.414318687730159785e-01
-2.599856128871331218e-01
3.680360621717891911e-01
3.488401574922711523e-01
2.167070450327513997e-01
1.965000243533573943e-01
1.775544547094500547e-01
3.472057490980943184e-01
8.243320266890673265e-02
-4.391307036382610107e-01
-1.591589043308761636e-02
-7.055424144476779569e-02
2.089322937190276064e-01
1.847394269237017383e-01
1.413732517450292936e-01
-7.673064910969135122e-02
2.362334473993022987e-01
-3.256793093896549474e-01
6.453798466419119646e-03
1.643224071330378067e-01
2.721211468059698269e-01
3.273577914508075115e-01
2.393875498759161224e-01
1.272535374894267768e-01
-1.226918963729142914e-01
-5.936067244031772994e-01
2.853915592444133398e-01
1.075715551507931828e-01
2.331250119063679460e-01
3.813329044962553427e-01
-3.136347950438149457e-02
1.136932346885481532e-01
2.683631212497782775e-02
-5.083444072958545057e-01
2.127523230783667507e-01
3.033571571773649445e-01
1.614140418058445658e-01
1.384462491837200049e-01
1.063636764616541913e-01
3.612261885389302790e-02
-2.950714671335252434e-02
-2.995197966676347301e-01
-1.809016155750225452e-01
2.287088569591546328e-01
1.749213281378349527e-01
4.073910428990177440e-02
7.068606585293396583e-02
2.038105211548603968e-01
9.379755088777888550e-02
3.707740205046479720e-01
-2.995908760757465816e-01
-4.196140566458161220e-02
-5.478797699863161702e-02
2.118058888861190925e-01
4.692048701151281809e-01
4.693071560306738554e-01
2.743539067586291957e-01
8.164679911417763725e-01
-1.997127468844904774e-01
-2.026494029472696023e-01
4.055335564673338000e-01
5.556409645623547888e-01
5.621707736421300838e-01
7.780342785411880069e-01
-2.837544524465830664e-02
7.982132161450128383e-01
6.933341842893002427e-02
5.925378885707217186e-02
-1.406246004093576404e-02
4.223217786659353989e-01
7.011540643340447021e-01
4.839526004306923257e-01
3.840507212084391386e-01
2.634656684558540629e-01
1.359065301381437996e-01
-1.639059144573079274e-01
-2.521148835578609360e-01
2.217710691042013293e-01
2.161189182498561567e-01
3.017015873660821024e-01
7.916486612729450867e-01
8.598567559822627160e-02
-2.706879998702078904e-02
-1.954621774883608665e-01
-3.099529780331284345e-01
-1.228413147369259578e-02
-8.452852144045566729e-02
1.437750567369500965e-01
6.762837274474700067e-01
-3.758590543058211442e-02
-2.455642432974789735e-01
-9.218222506376248793e-02
-4.988478194337501170e-01
-1.180567071930001821e-01
-3.184628238262436906e-01
2.663892816245725381e-01
5.843003104123669633e-01
4.671564237366997996e-01
-1.240328523448805398e-01
7.325174608722134773e-02
-5.546725034492382411e-01
-2.650634487683632967e-01
-4.737424969993163093e-01
1.494609105388771952e-01
4.714499050109511868e-01
2.270295580127707213e-01
-3.309286142453900514e-01
-1.260738127167563422e-02
-2.800792660127093270e-01
-7.922772055538300773e-01
-1.366962326080691237e-01
-6.683438598922699647e-01
-3.917423103547566093e-02
-2.264205815781617781e-01
2.081514236543084706e-01
-3.905129416097214978e-01
-6.243625199744614607e-01
-7.178852247917237861e-01
-4.872738392384990402e-01
5.078620265960375954e-03
3.205475794946294199e-01
2.829184593144113413e-01
1.426803757417589025e-01
-3.645440182046042477e-01
-5.596501029135773075e-01
-6.276084184467217719e-01
-1.047087660241475149e+00
-7.808829647721939882e-01
-6.618651842005672803e-01
-1.403587328790557309e-01
-1.363034501540920651e-01
-5.443899899168952450e-01
-1.104614202247959781e-01
-4.858935300587455819e-01
-4.636110896358265343e-01
-4.498031975269881633e-01
-4.213790960154312759e-01
-5.267592234358665221e-02
-2.155157756623242993e-01
-2.937795262487534753e-01
-3.394686287141701064e-01
-1.784816950687649617e-01
-1.745925044976508744e-01
-7.496942141042851615e-01
-1.766289053312045942e-01
6.113629329857264011e-02
-1.979308659226019229e-01
-3.788060872768716503e-01
-3.349601525112972378e-01
-4.647321205560586144e-01
-1.042428390875555361e-01
-1.449262595973369316e-01
-2.907553533069274776e-01
-5.969792934302554227e-02
-1.696262909755867632e-01
-2.540981577306741790e-01
-1.116686342106478491e-01
-1.461169310396535637e-01
-8.048463780474978124e-01
-5.072752348430425995e-01
-2.926843567061481188e-01
1.690077570508511373e-01
-2.940200312427737606e-01
-3.707771169307208514e-01
-3.119111961036677427e-01
-5.022882139962632220e-01
1.015040318455674301e-01
-4.467135738918251442e-01
-7.920642827214331438e-01
-3.043750221463283889e-01
-4.194315193479992987e-02
4.807771169213895246e-02
-1.026587310519614660e-01
1.786733351636971478e-03
-1.135881241842652822e-01
-2.469131473537952426e-01
-1.238720072189907651e+00
-1.734996298434668405e-01
-9.250139508608676286e-02
1.155579309328369358e-01
6.760046907615299694e-02
-1.907903640462687289e-01
-3.295523869361913216e-02
-2.307664457819897097e-01
-3.374426443332461667e-01
-3.039715749216990170e-01
-1.241283679685664942e-01
-2.033610027581974136e-02
3.219729297796218304e-01
-4.444908512368560966e-02
1.601779037188950580e-02
6.710642284351699127e-02
6.675478990852934391e-01
-3.404008185795339148e-01
1.634300619374764729e-01
1.328489101496612979e-01
1.459667957005818528e-01
2.323300390021936501e-01
1.419025421818380329e-03
1.227133438128473197e-01
1.011642291854445874e+00
-1.129941649631240747e-01
3.536616215409005282e-01
3.471358075132289223e-01
1.344216147602349809e-01
-2.558716751792572963e-01
2.940696262388658652e-02
5.274189462530225470e-01
9.392198222138473662e-01
-1.922309625946744260e-01
3.793066027767998394e-01
3.824951484433369298e-01
4.037225303276940069e-01
1.944323829250858005e-01
4.870480797242585647e-01
7.599849577392392419e-01
8.286895422199568317e-01
1.233277764415511429e-01
3.437619207447638048e-01
3.982853941466830139e-01
7.063092709413819614e-01
2.033650422872371466e-01
4.191437732591350995e-01
4.502033198450992590e-01
5.513558180484078308e-01
3.303139541510450861e-01
4.962711137584654986e-01
7.645361862930039054e-01
2.926534448536754485e-01
4.777864123633118187e-01
4.098597158878359292e-01
5.344014104973152657e-01
4.202910354873288790e-01
5.909791324302028359e-01
4.177655338525563256e-01
6.493547235050413091e-01
4.433426461490502235e-01
6.975879798429821532e-01
3.187273543738246007e-01
3.442145418586148309e-01
8.935336414783039138e-02
5.326920660781833128e-01
8.471002177205443351e-01
7.077265398295726762e-01
8.598909620074560722e-01
7.107294364333113235e-01
3.540922319531967788e-01
1.856635642253697815e-01
-4.286743293987053116e-01
-4.471442803019118339e-01
-1.888535457979063081e-01
-4.962641682189099512e-01
1.045671804704931263e-01
4.036968770097825732e-01
7.897566006006367934e-02
4.947231484445406835e-01
-3.441245906731320026e-01
-5.845025883726593374e-01
-7.780323428302050870e-02
1.117487581102145772e-01
-3.683291382699190042e-02
-2.848407301691041268e-02
3.040292048665929614e-01
6.783967810936569753e-02
-1.829975084808923014e-01
-5.835211720303663530e-01
-6.382860071297470350e-01
5.035497090002551829e-02
3.081496637288160256e-01
8.508473826524068362e-02
3.495048973724711461e-01
-2.150027248137737976e-02
-8.584336136114915916e-03
-6.155258474891569520e-01
-2.116952595326338782e-01
1.782422812364423959e-01
6.181734939416839991e-02
3.539099699732990989e-01
-7.150204980065516525e-02
-4.696584116666763925e-02
-1.673018205408743631e-01
-4.800536193134674057e-01
-3.845205827509376451e-01
1.025328313895552540e-01
4.371655734053208620e-01
1.086034255636649515e-01
1.281032943849133576e-01
-2.385724454220108370e-01
2.469326017759574665e-01
-5.978842863680811082e-01
-1.008822791747629455e-01
-7.017388067147473096e-02
3.045037059438909233e-01
1.705547504349582202e-02
-3.976727585490036354e-02
-2.430852341637446123e-01
2.150326939361822121e-01
-8.907450294153922490e-03
-3.736034183674523113e-01
-6.719936551310809469e-02
-2.282416671057952984e-01
-5.496482056935252380e-01
-3.578723603655131202e-01
-4.416252970073354378e-01
-6.146308598048899619e-01
1.066422101355070540e+00
-1.368760809441016968e-01
-8.414888758924701229e-01
-1.375569415191160383e+00
-2.801885816432817533e-01
-5.884141017223993853e-01
-4.549794325030640657e-03
-1.404693434882974268e+00
1.624535549948256774e+00
1.248643116698645306e-01
-1.623783198545456274e+00
-1.358745186275349237e+00
-1.512850248507213280e+00
-1.031083225539535686e+00
-6.279597338265050510e-01
-3.017378376090086856e-01
2.204034087888087967e+00
9.444142719744961223e-01
1.169244445708804599e-02
-8.040515107924913751e-01
-7.913197362353590059e-01
-5.071409370961721397e-01
1.557490618883594809e-02
-2.564826766457378726e-01
7.464614721026393562e-01
1.241729136732813571e-01
1.130704069847337095e-01
1.594479405884919598e-01
1.616008630787383049e-01
-1.654218317103328950e-01
-3.036176336362908165e-02
1.831796529444212063e-01
1.434612670348666200e-02
-2.515824481519874922e-01
2.822247648910414242e-01
2.384755938947873410e-01
2.211018420385776062e-01
-3.939262811640358020e-02
-2.164889614571507970e-01
-2.815474507048202346e-01
-3.507963464407435894e-01
4.028257381680597909e-02
3.860184902983488375e-01
2.553396451512338072e-01
1.093134989621284275e-01
4.293079381534889993e-01
-2.150780764690115865e-01
-1.957538712083495558e-01
-3.729519269520280567e-01
8.561391065848993065e-02
1.058607459633918550e-02
5.162824595022914576e-01
2.703441486985262987e-01
2.425624940271856322e-01
-4.966643033833705728e-02
4.517376316011140897e-02
-2.192407399048897643e-01
1.911732934348191471e-01
1.472413499232911316e-01
4.246005027763628537e-01
4.398432535116132969e-01
2.692333406767933868e-01
2.422875611937269080e-01
-3.642931665948239695e-01
-3.044056247071721399e-01
-2.338340272013869903e-01
1.662110206614788033e-01
3.737876036088859100e-01
6.209528700759221476e-01
8.885091476547996026e-01
7.700393233484381650e-01
-2.982233780337397722e-01
-4.529585353810863801e-01
-2.225062594408954431e-01
-6.827714577396916118e-01
-6.309379627006508340e-01
-4.129622588174258202e-01
-3.284726835413195323e-01
-5.121650748569016587e-01
-3.160658996891661521e-01
-2.639391703097012654e-01
-3.327994044537195273e-01
-1.669599227924950802e-01
-2.297016208387548664e-01
-5.214354030890148151e-01
-6.375157303881022475e-02
-5.915485811301797181e-01
-1.768211063275741679e-01
1.945935898870306824e-01
-1.738758893136150008e-01
1.833257692347097789e-01
-3.145862324063034010e-02
-4.510160102389505071e-02
-4.385309759080248670e-01
-3.625171021699697960e-01
-5.031270571654754553e-01
-6.371500056125777300e-01
-3.261096892103420020e-01
-4.748751662007896779e-01
-1.114273362802343237e-01
-1.931539684632351817e-01
-2.289179481526169846e-01
-2.907384233152992548e-01
-4.566261460039249265e-01
-3.946735222511476016e-01
-5.204895814084647965e-01
-5.034104337819580444e-01
-4.024883032456498810e-01
-2.065577140347161778e-01
-5.281713829239007701e-02
-2.909932100378028741e-01
-3.552694722414161399e-01
-8.585282981639139610e-01
-1.872115223339476386e-01
-1.869731664457061904e-01
-1.394273214576717823e-01
-2.658744408729361020e-01
1.701276119407242604e-01
1.698007469790748236e-01
9.097169292525383866e-02
-9.131323747284775250e-01
-4.111653479202309613e-01
-3.330785874785305301e-01
-1.849373777664898091e-02
1.676496753679395380e-01
-2.162546017380692978e-02
5.173548796285963869e-01
2.444465076864789366e-01
-9.172258011123480825e-01
-2.974513583430843933e-01
-4.695291838982873500e-01
-6.690589386691382645e-02
1.899730614531799644e-01
2.907768587234006441e-01
-2.045428473957659060e-02
3.457113045384222483e-01
-3.024384382441938079e-01
-7.514727041040163147e-02
2.308088739716486759e-01
6.164803021646234060e-02
1.393676551128924246e-01
4.190826473815811859e-01
-1.398472501302541193e-01
5.060857175138265829e-01
-3.811601635678751876e-02
8.742203807084143741e-02
1.502646720433837291e-01
3.593748378988655817e-02
2.974826637199999846e-01
1.837262797904115619e-01
3.958897852989035071e-01
2.856046613308023119e-01
3.350124734346005551e-01
7.009245590101427503e-02
-6.897831395338438476e-02
6.198556948909187542e-02
6.366438963596839917e-01
2.963874809822004130e-01
4.801465617451282086e-01
1.751243196920642120e-01
5.130487017279208306e-01
4.452340134674892536e-01
3.049985445243377225e-01
2.151801127228120392e-01
4.453533596737396794e-01
7.260061218043486475e-01
4.745958842865333760e-01
5.251976055890047318e-02
4.948733566024960395e-01
5.714417440962389350e-01
2.698644842494627993e-01
3.694809496948688321e-01
2.855468634221731694e-01
2.964342212941413202e-01
4.533597529968366735e-01
6.180032514369753205e-01
5.281728836538808203e-01
4.848973764474674986e-01
5.230824446772573966e-01
1.845617139875166957e-01
3.398275857731039018e-01
6.923599058119145333e-01
3.888148904738081280e-01
4.912267231994215111e-01
2.650856009402920987e-01
4.901114459327333694e-01
4.495945216678086664e-01
4.054808379767415039e-01
4.119227470902929733e-01
2.685065514685718302e-01
5.047025135103700988e-01
5.190923056179544970e-01
3.861311097154350724e-01
4.493224626320543313e-01
8.331958839183551957e-01
8.464728812357206200e-01
5.041220759267139861e-01
-9.016021710482298446e-02
2.929682064377169826e-01
7.068135745183484753e-01
-5.553618185982813760e-01
-2.923332797978956954e-01
-6.836384836967694667e-02
2.115835293695597918e-01
-1.718152980802823970e-01
5.057646214405332047e-02
5.726630408264797856e-01
2.236712138544839912e-01
-3.736330065748219575e-01
-7.933453061640673154e-02
-1.778959044672359102e-01
4.087890919769182063e-01
2.313089868418446993e-01
-1.977607904032632063e-02
-5.335916330884032943e-02
1.059409763888923516e-02
-2.505303860666336924e-01
1.544040061553485221e-01
-4.557061517620333152e-02
1.045410838695999406e-01
2.523291122282057541e-01
3.107605457525880813e-02
3.300384707515233718e-01
7.007092445448663554e-02
-3.078991654036133396e-01
1.442806036515803803e-01
3.500521778523786876e-01
1.816865266594478445e-01
1.830433670397804413e-01
3.017731673997489095e-01
-6.978899865612069042e-02
2.109953493201607022e-01
-3.184563507054829490e-01
3.776352510814766084e-01
7.620522004304816632e-02
3.933897074777308878e-01
3.186469507920081656e-01
1.915271874778771977e-01
1.412700988105149436e-01
5.522335461985027338e-01
3.386026367681329585e-01
3.537335094652389600e-01
3.944228624512182702e-01
1.174226581128043345e-01
1.177931258761620581e-01
1.414191776345584961e-01
2.084190045786992462e-01
3.012291262886618859e-01
4.769002455462527656e-01
6.037001573733528081e-01
3.205517562712652535e-01
3.301929690425091102e-01
1.856474537091125365e-01
1.194669236923959210e-01
4.419216929996059445e-03
5.143843007002688594e-01
1.002101743617519913e+00
5.954319016233090567e-01
3.543142756089365242e-01
-6.459872618324825899e-02
1.935333224634081806e-01
2.563396997476180550e-01
2.939291760912133844e-01
-4.183595275955495074e-01
1.173333410184600245e+00
7.773238170301941530e-01
3.652629525377778519e-01
1.936236425245569520e-02
3.944363522121913622e-03
-1.741695461296464686e-01
-4.850251976118112873e-01
-7.915668921709287931e-01
8.101041555070180866e-01
4.605999211075370581e-01
2.840210483251092155e-01
-2.699255765578488231e-01
-4.693890602986498517e-01
-6.508401796638516590e-01
-5.602185871521270233e-01
-3.670536965815826558e-01
4.022240971677091270e-01
2.043910927817645662e-01
1.885783680042213417e-01
-4.541257907753513956e-02
4.075741921320326366e-02
-2.235040663651661208e-01
-1.628054371891305419e-01
-6.655711151847648610e-02
-4.074344686900671086e-01
-1.971294365122376324e-01
7.466408941599979310e-02
2.961167750127920995e-01
2.254944491169103699e-02
-7.917317256574699091e-03
-1.629599674897836414e-01
-2.468885541356512503e-01
-3.530387509926304901e-01
-9.178283138829736523e-03
-3.821695539705583650e-02
1.488015873079153728e-01
2.115787824209362233e-01
1.064506653025599908e-01
-1.549368191543609719e-01
-3.432659961369707857e-02
-5.372663848014399557e-01
-5.779654030936691445e-02
-9.221024864755981987e-02
1.514341419138987010e-01
5.114076099269682096e-01
9.738446880907150605e-02
7.426054812992692600e-02
-2.681240621255008214e-02
-2.203234004473140217e-01
1.747821880156996410e-01
2.204350539016654842e-01
2.405461321940179087e-01
-1.653751212388035741e-01
3.894634185795249337e-01
1.153199689628173624e-01
-1.819102934620051848e-01
-3.888135501507536396e-01
-4.263505501667612663e-01
-1.651796022470002623e-01
2.945093817390140312e-01
4.155185938927069556e-01
2.678562129303759254e-01
2.781922209916403710e-01
8.036784118851977299e-01
-3.810536743620837608e-01
2.050113384594009769e-01
4.018521708324990782e-01
5.249063201666760436e-01
1.182125707690888872e+00
1.104404479682405738e+00
9.172717539584082092e-01
7.098591160210884210e-01
1.536995015618183857e-01
4.283995552542198271e-02
4.885186872569284300e-01
1.582822437839443985e-01
5.645259591105503683e-01
7.547978153079490937e-01
8.663007033203217189e-01
1.083525718765994572e+00
1.982129471443588309e-01
-2.546815862748374321e-02
2.116135148464037274e-01
4.194473958912063316e-01
4.105246602623703889e-01
4.364263149798763841e-01
8.820149537516290827e-01
4.391032401446471889e-01
7.441525186611361309e-02
3.934497565243793432e-02
4.314463392595290631e-02
5.230024369442224375e-01
2.950352006476255617e-01
3.794868534978647623e-01
6.300698511384766887e-01
5.787931123759133545e-01
-3.969976226900363558e-01
-1.422999854133421838e-01
1.049371551895895427e-01
2.603693691712616332e-01
8.095522112785900892e-02
-1.744693024176329488e-01
1.433695364522204474e-01
1.970867703318330555e-01
1.816337295686102082e-01
2.722606264422359756e-01
1.290990782590137852e-02
-3.014207867919886374e-01
-3.360857240109978994e-01
-1.091936732320218706e+00
-5.305302271970444572e-01
1.805455409219028085e-01
2.154191731936400817e-02
9.511620524893188433e-02
1.115596166562881908e-01
-1.003466704839707929e-01
-2.953168654268930049e-01
-5.694322226648225183e-01
-6.380248901634701930e-01
-2.863836397425999492e-01
-5.531810180070664135e-02
3.810743138805936514e-01
3.618676419554043844e-01
5.961669149126275213e-01
1.514304391309240494e-01
1.255068171468290972e-01
-4.475537477562556710e-01
-4.633526446873119098e-01
6.712282508619143995e-01
5.622188771321269263e-01
4.119666466290536899e-01
1.920149683109717009e-01
2.797892013455790527e-01
8.828847489288003947e-02
-9.683438795081107664e-02
-5.721953229691127962e-01
1.693251731331572307e-01
5.036614916895715277e-01
7.298564319087666452e-02
4.083634411303077583e-01
2.805282645691724586e-01
7.592007929567373692e-02
-6.130384647549970145e-01
-9.977143680702929007e-01
-3.362862584470466265e-01
2.933825322734089358e-01
4.115096097568111122e-01
5.312855987558849635e-02
2.630366815260669067e-01
1.619584840484331878e-01
-3.783779223630436284e-01
-9.045096804111311117e-01
-1.093019451343879983e-01
-8.932352127438437928e-02
1.118990179146463759e-01
2.706450585145834253e-01
-1.302793310935594084e-01
-1.335891834006007195e-01
-3.853517162826602394e-01
-5.568660173995253482e-01
-9.360840707766832081e-01
-2.274831595918786753e-01
-5.452579296812111176e-01
-9.152662186270899003e-02
2.108675899773639617e-01
-2.884611113594655607e-01
-7.346356430580757158e-01
-5.287002011267853963e-01
-2.814716684405080827e-01
-8.978348202968541303e-01
-4.622762980513642206e-01
8.307159818730662504e-02
-2.842365414661400524e-02
-5.361369890642760927e-01
-4.814009192595188891e-01
-5.873587636830926995e-01
-5.605033699731833963e-01
-2.808397205470041791e-01
-6.820737751603846988e-01
-2.583407436330611984e-01
-3.623822620259387062e-01
-8.264470912503774080e-02
-1.802057697957983595e-01
-6.531691476887866443e-01
-1.076257212562249377e+00
-1.038395062578903350e+00
-4.537246089610416089e-01
-6.855571273936305055e-01
-4.985541562778296187e-01
-5.997620028824952598e-01
-3.625220464386773034e-01
-5.005121372734001595e-01
-3.796109641121738765e-01
-1.168656092518242096e-01
2.704068134735302942e-01
3.092603108125619449e-01
5.387196127890766517e-01
3.304888199817969663e-01
2.696337528005863793e-01
3.183739707018989340e-01
2.384826171874990519e-01
4.079354246377368542e-01
4.403334704442768976e-01
3.307324639324120130e-01
2.107505415759947376e-01
9.556819289433525488e-02
2.015214799441571725e-01
5.721761682745212241e-01
-1.570997621795560198e-02
2.939310826926114228e-01
4.196516127882395919e-01
3.207659108914898693e-01
3.082148303875402173e-01
2.366091114652427996e-01
1.670010476083105266e-01
9.479731823099148136e-02
5.017105446029829219e-01
2.535319835197313298e-01
4.707595797976690810e-01
6.134551079319772171e-01
1.633934142590987293e-01
1.718062981486643270e-01
1.451044010846701815e-01
4.910376206696397822e-02
2.523008744279714999e-01
4.079161769256575143e-01
4.321210002302963149e-01
3.697098710228217677e-01
5.760784939711488528e-01
5.512589922105214368e-01
3.246395687210145570e-02
7.840316608549080524e-02
-1.768374884537585456e-01
1.921489694337683574e-01
4.019185073973086109e-01
2.051209690823400655e-01
3.435030395620569110e-01
4.473024356579553551e-01
4.720928330901421055e-01
1.876215941322487424e-01
-4.199856360161714763e-02
1.662280207340034177e-01
-1.709475691598787150e-01
-2.260575681814220791e-02
8.680837746298947222e-02
2.520153840344582230e-01
4.990907055754837951e-01
3.405282951720867146e-01
-9.143739560446408898e-01
-2.332314896631537959e-01
-3.632246443256030299e-01
1.166916080363267563e-02
-8.676532418613683295e-02
-3.677562672605942662e-02
2.038839212148418067e-01
1.062925401657705965e-01
-4.687308898849383842e-01
-8.314933554623311629e-01
2.792896345867042496e-01
-5.923972358969450402e-01
6.661301004564028350e-02
3.942189033709501689e-01
3.284796750949399158e-01
3.341214293075239761e-01
-2.568928470379122642e-01
-6.614875411938579974e-01
-2.677086958691055063e-01
2.296247704846978710e-01
1.203482860106778879e-01
4.464152947025966656e-01
3.848676233117034884e-01
5.253782842912746442e-01
1.907118764920215093e-01
-3.069269661261762594e-01
-3.024784781186209970e-01
-4.336338243046928276e-01
1.315892726763169818e-01
-4.846431830378680056e-02
3.952426455085771839e-01
4.288699003469385040e-01
1.105501757388166056e-01
6.186254510161463393e-04
-3.231402039778251689e-01
3.751738835996879656e-02
-3.021078242429309224e-01
1.626488756936125823e-01
2.229913155889053089e-01
3.828265086239181492e-01
4.613842519162161121e-02
6.051810996739073051e-02
2.871329362685262968e-02
1.120339299539914180e-01
3.353832165504348067e-02
-8.985056295991952768e-02
-1.799649348381185399e-01
2.410391650547015208e-01
7.045075028805312944e-02
-1.399049211166774297e-02
-3.004993610938770307e-02
8.033927187579428808e-02
9.555827519229828648e-02
-2.127583944153606799e-01
2.125393979218977714e-01
2.496798229299063976e-01
-7.711484901085668975e-02
2.420711791999398677e-01
-6.350977282309616494e-03
1.825023930853284237e-01
9.416415818105512703e-02
-2.824032329695195798e-01
-1.975575019722190240e-01
-2.654297192728851187e-02
5.625100297426684041e-03
3.592426915877693083e-02
1.339690950980418349e-01
5.190880961502502000e-01
2.537734221237532561e-01
-2.173428183899661637e-01
-9.793841976843881136e-02
-3.505691118401270401e-02
2.584750612932121272e-02
2.386188251886103007e-01
-1.988917982130118112e-01
2.481383408646890831e-04
-2.109074860078858915e-01
-6.104937595164346975e-01
-3.369305581813017425e-01
3.779909951276617108e-01
-9.258424855272519294e-02
-1.249009666741889152e-01
1.054528686735026616e-01
-1.108003217106674071e-01
-3.712209113816816730e-01
1.022952778848330441e-01
-6.284149100077985883e-01
-3.807567007720754626e-01
-9.399632089977551230e-02
1.648665185988595072e-01
-5.080536959840279421e-01
1.675431817777913585e-02
-6.224336867497444192e-01
-2.917098411281735526e-01
-2.373988544099821796e-01
-5.137770856567487610e-02
2.377362443810562276e-01
-6.020847796004039632e-01
-3.826103626245919154e-01
-5.012237450207072120e-01
-4.641359540860757749e-01
-1.221176971073641981e-01
-5.501252944269203748e-01
5.108700235351223279e-02
3.095062709563280445e-01
-1.926408619637059172e-01
-4.055816910893663141e-01
-7.132438518773347447e-01
-7.172631037676885368e-01
-7.625982963539954529e-01
-7.295058636686239106e-01
-3.524436823220654658e-01
-3.163423034879004891e-01
-1.789211240625781796e-01
-1.623498154018746253e-01
-4.652404723960714139e-01
-3.519017692461347546e-01
-4.626827725470920027e-01
-4.382124497137168673e-01
-7.056914356292385282e-01
-2.097355234524566625e-01
-5.149055579832803597e-02
-8.308057408010546818e-02
-9.753241299778793102e-03
-5.145615852971848758e-01
-5.440273145386684828e-01
-2.501980801640645846e-01
-4.693219402891211089e-01
4.796315525830751603e-01
-4.324946245276993506e-02
7.813705442632591647e-02
-1.837907848314164483e-02
1.312106152190032071e-01
-1.581061949299958636e-01
2.354706653248560544e-01
-8.096253458591873287e-02
-1.165224665233003526e-01
9.679432736015171346e-02
1.185001443217149203e-01
3.543330212987948480e-01
-1.003658032818465461e-02
-1.624990746248411722e-01
5.199225309280455232e-01
8.823650555098398740e-02
-1.703670568049542589e-01
2.513691660417662344e-01
5.221384763051359901e-01
5.058231095075081674e-02
1.604675134913231549e-01
-1.627208501331700308e-01
1.755274462311470496e-01
2.418175969604325903e-01
-2.233951400956343536e-01
3.256663974110224347e-01
5.516631321059826121e-01
1.117635422435244302e-01
2.927460134483985121e-01
3.057960104989267958e-01
6.471862958082186257e-01
4.497624528530821397e-01
9.200827870649311291e-02
7.087280074031838684e-01
4.914707312651149795e-01
4.205334623272823369e-01
3.173067957548523776e-01
2.068555447804116265e-01
5.099777161371764622e-01
6.874116653938286969e-01
5.312055911018479654e-02
5.046355141337302008e-01
5.273034746811178231e-01
2.425162645658650584e-01
1.587980086835939497e-01
5.462286675181492190e-02
6.486169048579837337e-01
6.828718439099136228e-01
7.125140172350831191e-01
5.804137132553612854e-01
5.964172268697643942e-01
3.673323515887664814e-01
-3.651288154366999494e-01
2.409876783710744597e-01
5.239832173069897125e-01
6.939720397432327381e-01
5.621128612900309074e-01
2.324735875676565700e-01
4.263283540094844337e-01
1.974830935479663929e-01
-8.419184425587086240e-01
3.127404114001755553e-01
6.449683100724243889e-01
5.815868949042357627e-01
2.842146020028470943e-01
8.157405653324578676e-01
5.172066931697119063e-01
-9.366267215628567566e-01
-1.614977316126845475e+00
1.165442589090040615e+00
7.355664674295653294e-01
8.130685318741633916e-01
4.791392694811332786e-01
1.054718455821533230e+00
1.126245354332275683e+00
4.770393718250156012e-01
4.138228907513955557e-01
6.277297288445214951e-01
5.004624722864301489e-01
3.420387147265855354e-01
1.854859681657550496e-01
-8.179696694073872176e-02
2.323578978951930663e-01
2.017117178493387231e-01
4.150744717726784772e-01
1.602505424919769550e-01
1.755526422731155667e-01
-2.008084808358265305e-01
-2.258167189447643775e-01
-1.748297343544458760e-01
-4.742716391746535365e-01
-3.912763377065499037e-01
1.454363419906938848e-01
-1.109752617686471654e-01
-3.080538199743986238e-01
-3.054851986727269431e-01
-6.382899987647312479e-01
-8.163983440387608814e-01
-1.045123955841279706e+00
-1.071332653281400038e+00
-9.461206757600779671e-01
-1.020389886665167500e+00
-8.311605755306222809e-01
-3.875609326172486102e-01
-5.503539732217801461e-01
-1.088475708707533407e+00
-9.077856435811146874e-01
-5.086664620099228262e-01
-5.646220215829946820e-01
-3.883928081093395157e-01
-2.311287611487258531e-01
1.682961282388156510e-01
-1.660991793641060532e+00
-1.413629503614462601e+00
-2.119151052934598600e-01
2.299716235303099210e-01
-3.655352001265849138e-02
-4.982367643937869461e-01
-3.432350032881713031e-01
-4.564602099584959549e-01
-3.054139708243660545e-01
-9.856536654110251150e-02
-1.250831411364838053e-01
-2.529429822015103468e-01
-1.164805830772356054e-01
-1.322320086327236355e-01
-1.005514443080992137e+00
-9.504761873044842435e-01
1.251029575302859548e-02
1.184672642871180265e-01
-2.239426840007761044e-01
2.455491361850143175e-02
1.373104050253231567e-01
-2.396478358029351108e-01
-3.403146240760438479e-01
-8.426768142913712012e-01
-3.496231123528131257e-01
-5.953073019137866684e-01
6.011573233547819889e-02
1.561260529165320043e-01
7.127591769840734524e-03
-2.896353213720788133e-01
-2.229794794667785129e-01
1.510908229463675534e-01
-4.893804933902363707e-01
-2.072448519066411032e-01
-1.190867721833742954e-01
-9.468419715104151035e-02
3.466495983846150097e-01
2.023494592482218690e-01
-1.705789634860451209e-01
-2.516787210047717882e-01
8.510320044658933880e-02
1.025957754611363931e-01
2.544559322752499853e-01
3.760689600737344707e-01
2.402007010578141033e-01
-5.023428398397204037e-02
-4.526370686320090875e-01
-2.471950872531002708e-01
6.036020295007841346e-02
4.017306541592146618e-01
1.168176773342058383e-01
3.435676494080743271e-01
3.162878414939578331e-01
9.721099879055654369e-02
-1.429024649417839909e-01
-7.532597215650881084e-03
2.388760518853942083e-01
2.326310348110248172e-01
3.695445858788848348e-01
7.274222990113974330e-01
4.503634286605170400e-01
1.847246152522681040e-01
6.048034793787634422e-01
-4.721933978020336625e-02
5.486105594296297044e-02
3.510270616433052715e-01
3.884126552142119215e-01
3.812636919202461727e-01
4.603612223795964797e-01
3.458945754432820596e-01
-8.866601873997277672e-02
2.328446866083816735e-01
-6.935678037052376600e-03
-3.388118646982480470e-02
1.121062335554867395e-01
3.888150051464908663e-01
5.892731600917614498e-01
5.349495677280872163e-01
2.106473006845960838e-01
4.963372348378564114e-01
4.626599261848335920e-01
-2.879268547424792060e-02
2.565152259125947354e-01
9.143096702123296171e-02
6.677244313785429819e-01
1.108276892091630272e-01
3.081365094026273233e-01
6.041616238073405087e-01
2.764075555688083607e-02
-7.707826992817475020e-02
1.484984586337869117e-01
2.128433570185886414e-01
-1.894749526631701042e-01
-1.203139923935602207e-01
-1.303840015091837778e-01
1.767364432084875814e-01
-8.985529498289046568e-02
-3.058580221750086814e-01
-2.013292737155420176e-01
-5.045218775041894199e-01
-3.078985858183455049e-01
-3.013432086287105571e-01
-4.128124371364210177e-01
-1.430415462664025861e-01
-5.334598516982764771e-01
-6.133720372107576146e-01
-4.832891391235627498e-01
-5.637491706437955941e-01
-3.560321935098850199e-01
-6.690200598473564630e-01
-5.228388029176471719e-01
-2.492160326122158376e-01
-2.819375793756049298e-01
-2.700191350306841431e-01
-2.967559359440598010e-01
-1.770844001203960016e-01
-4.711222257613024711e-01
-2.234038145828851074e-02
3.276720619614047481e-01
-8.608383331016855600e-02
-3.032495239509171436e-01
-2.324936444837053251e-01
-2.789024686713506007e-01
1.801367775720109643e-01
4.075637375576750959e-02
2.477264468299701372e-01
-1.459512900407778091e-01
-4.861203898573538962e-01
-2.511924391902892184e-01
-2.276452010515534752e-01
-2.354504982241730771e-01
-7.983244813231925308e-02
7.961524263150822345e-02
-1.837775720396270795e-01
-1.787861449457513185e-01
-5.552785302543444823e-02
-5.502885001834693091e-01
-5.005257363926537417e-01
-2.630456926049486999e-01
2.910520634615808011e-01
1.212584415713513497e-01
7.877018242131439418e-02
-1.680951619540510533e-01
9.388625396948055424e-02
-6.358695436374462995e-01
-4.857501223581222050e-01
-5.211273380139139766e-01
-1.934655529035242127e-01
1.249402028863386971e-01
9.747347279570883760e-02
5.475943894127433681e-02
-2.399902361697998573e-02
-4.868320484639498957e-01
-5.234842115770326210e-01
-7.584556763139024271e-01
-1.586119048550089505e-01
1.012114045229520615e-01
1.451911235007647405e-01
2.349958991607994929e-01
4.272964368229289350e-02
-5.800280676393227974e-01
-5.358980118679352866e-01
-5.986927603550344923e-01
-4.510218330628190664e-02
2.413407156178380003e-02
5.883064292091487457e-02
2.721466867902945785e-01
3.034799586593025511e-01
-4.427252119435824002e-02
-1.191321360137647251e-01
-2.958396233944304843e-01
-3.244260666313020236e-01
-8.043933265761771256e-02
7.539508322478920277e-02
-1.854568097756922884e-02
2.847999269000532352e-01
3.879094150124025586e-01
-7.771406775636700848e-02
-2.380958705837115386e-01
-2.756391802908247923e-01
-4.500296661874208376e-02
2.884636195963150573e-01
2.486001265595271792e-01
5.863054494287597285e-01
-2.709036224480673369e-02
1.318952653258329277e-01
2.531756522644193486e-01
-3.706862715263680719e-01
7.909838903302060520e-02
3.415673342114151634e-01
4.284677563562353519e-01
3.487349241086002971e-01
2.429750457561726806e-01
1.465398161178347036e-01
1.051895067399174211e-01
-2.237273763862557968e-02
-1.474072741982183632e-01
-6.202960542466741389e-02
2.455490610071678625e-01
3.281683080325497603e-01
1.224881389396221265e-01
2.147037864968740495e-01
4.650564760610368387e-01
7.679925848100649377e-01
8.627862185906994830e-01
3.244639052093631904e-01
5.311372777623791785e-01
3.460155484601594167e-01
5.459149266770690900e-02
5.866256905614124217e-02
7.186825681292323686e-01
9.973906322127673585e-01
9.102668871848808019e-01
5.450945562973679159e-01
3.793437323675018513e-01
-3.284276832281656650e-02
1.458178232826270182e-01
1.625005761141538885e-01
6.726582476383220766e-02
-1.358445284681035758e-01
-5.259462813640972678e-01
-7.801142635797785330e-01
-6.115370262262403989e-01
-1.068309966391070898e+00
-2.524843648882284519e-01
-1.430816121771124882e-01
-2.514629293727828063e-01
-2.639323084588179880e-01
-1.446330697339553994e-01
-8.169475013431319876e-01
-5.508968907219182753e-01
-4.212813698763070991e-01
3.984248828802067766e-01
-2.398871984429451210e-01
-2.743209357775963642e-01
-2.134896340360166733e-01
-7.219625750646192497e-01
-4.669407756907050233e-01
-7.943557841500925587e-02
-4.367097270155305688e-01
5.315891509681539701e-02
-1.606747889499423321e-01
-1.118174654076753982e-01
-4.934539898194532648e-01
-2.114084964706632319e-01
3.752536669650273493e-02
-3.450279107398506184e-01
-7.403686879618514016e-01
4.368661939166102459e-01
-1.180966879658166130e-01
-6.140904067584074255e-01
-2.429452138648174053e-01
3.619030417856450299e-02
-1.720013158737101200e-01
-3.689035458668770695e-01
-9.428847342721842217e-01
-3.607719923494121352e-04
3.785642701231813068e-02
-6.598115733732096144e-02
-1.379286519465796890e-01
-3.617967451728831829e-01
-6.630330600245307182e-02
-1.716729061009297508e-01
-1.836341770671097717e-01
5.082642856600341069e-02
1.281975679510626853e-01
3.587485965495038620e-01
1.380011060468134543e-01
1.441183273512283876e-02
7.692737114081847627e-02
5.602260521663012666e-02
-2.613750478799083399e-01
2.028343231119618673e-01
3.119716805976851526e-01
2.916847149171484799e-01
1.319481891581364141e-01
-3.159238379183144096e-01
-1.807026828563168819e-01
3.625967803967800052e-02
-2.227527713819193178e-01
-4.641613897788459536e-02
3.909905866905731275e-01
7.364646065033785272e-01
9.882418887339250446e-02
1.370654458571644030e-01
-3.607809994839999979e-02
-1.013356263109935762e-01
-7.446822962311859806e-01
1.326932823793922078e-01
6.592476342907797049e-01
5.318732728951549582e-01
2.984403566737377500e-01
1.106973577688903781e-01
-4.092205503744256179e-02
-1.119970605090232496e-01
-8.099136610173101047e-01
3.304080898219182716e-01
3.650006226664949671e-01
4.041160740549453734e-01
3.891936389818438924e-01
1.493112563146596350e-01
3.020391509056541968e-01
-1.498762949232516906e-01
-5.268530924364205337e-01
-2.110957757082494723e-01
6.532151360830537046e-01
5.660826124533268056e-01
3.790865084650122951e-01
4.593178065620959760e-01
1.222316856305067784e-01
-5.266771117099133814e-02
-3.901395912435715596e-01
7.364336920902453398e-01
1.570381069842516075e-01
3.827737917358436937e-01
3.808149777346483966e-01
1.192475723962605899e-01
6.480425926730679076e-02
1.514158207261731004e-01
1.716271103661167197e-01
2.517384062532441735e-01
6.215348648057127390e-01
2.129244706186047831e-01
1.630861537279426066e-01
5.448362092118671507e-01
3.805277605011858078e-01
-9.641582971961369999e-03
2.619710624523284292e-01
1.195975856937287807e+00
6.575013457498950220e-02
1.095013153751046714e-01
4.620215498521878517e-01
2.058205476925194510e-01
1.832172499772448115e-01
4.288765037980873385e-01
4.083122693735478093e-01
4.627269173322958173e-01
8.974131763032058284e-01
2.584515721769997110e-01
-3.643265687329973468e-01
-5.430807137364733750e-01
2.594548075233408246e-01
-1.032149078948272208e-01
2.833092564848205819e-01
9.925835333717197839e-01
2.850973917740394215e-01
6.680776667755520259e-01
-1.170642506857853121e-01
-1.018735157638428479e-01
8.950682408373497947e-03
-5.594889714566421146e-01
-1.148272131104446786e-01
1.465711321842508297e-01
5.264631891495379079e-02
-1.180472850266332530e-01
2.400488625693037170e-01
2.540006873437062329e-01
1.020980718246775748e-01
1.873232218563265217e-01
-1.872632936367165657e-01
1.870146448236928716e-01
-6.871379401086401273e-02
3.515753865575645398e-01
1.653488632104936906e-01
3.061134683061477735e-01
-1.588620402644342067e-01
-1.511074794327198767e-01
-3.164677638564460938e-01
-2.290851237382621891e-02
-6.842402107368367181e-02
6.712853818379670157e-02
5.246071583455670373e-01
2.126572203867983790e-01
-1.541650373783232109e-01
-1.445322357970080795e-01
-4.904871180607172643e-01
3.196927724155648742e-02
-6.075470568542831046e-02
5.215784640028671339e-04
9.205448840891300444e-02
3.157248019319899152e-02
-2.276830215842565730e-01
8.715924956647053135e-02
-1.109522295528280855e+00
1.463203562866985941e-01
-5.287334261391674062e-02
-5.759523080832914914e-03
4.822677467611767299e-01
3.480910178887476891e-01
-1.442409006903506152e-01
-1.274822101775145433e-01
-1.414755618735432430e+00
-8.295023034321131750e-01
-2.523165605526571653e-01
-3.060076785529228238e-02
2.722436923216729060e-02
2.751510928320345939e-01
-1.286061053916049413e-01
-8.678714783124112930e-01
-1.147202675395270433e+00
-1.650285262679754839e-01
4.322406027312505200e-02
-3.270867107525629036e-01
7.209585349530980847e-02
2.795457511853804422e-01
-8.543770873168283764e-01
-9.540720285890994523e-01
-6.049589967860341533e-01
-9.522932272003836740e-02
-1.692533920538816239e-01
-1.932617924784349739e-01
2.908408740667956516e-01
4.349425816590898886e-02
-7.664072220714465145e-01
-7.711316965146864932e-01
-7.828801727621359507e-01
-9.007409538223358492e-02
-3.621737217886779603e-01
-2.651309397634914466e-01
3.282626481194911294e-02
2.085413313798093957e-02
-2.314931090859382035e-01
-9.741755120967422465e-01
1.380826306630625507e-02
-2.501039477391970856e-01
-7.171244028904339984e-01
-4.043596363276596994e-01
1.916424380244583503e-01
1.529286829202174125e-01
-5.046217181953990272e-01
-5.690402197909726345e-01
-9.577003766011892016e-02
4.455412585118925795e-01
1.734850909731409929e-01
2.078724885340632322e-01
3.088904916611006080e-01
-6.178078694230808993e-02
-2.281845628091341005e-01
-6.364706167622625754e-01
-1.199594819831023979e-01
4.720376296476843092e-01
2.365885418144977603e-01
2.735474868589889419e-01
5.033136949453277387e-01
3.979282078512056398e-01
7.652801274193481162e-02
1.647725926882073408e-02
-7.482252207103801123e-01
2.155384241445317262e-01
6.435117901847720034e-02
-2.309510258869221511e-01
2.780655800160905522e-01
3.186978821901453873e-01
-2.176538264102676201e-01
-1.692016151636358545e-01
-2.433503418035800059e-01
4.793773821694842785e-01
-1.411591926373994832e-01
5.321379755335542416e-01
1.623611016537594431e-01
1.844455736999761342e-01
4.375740858006301748e-01
-8.602051394377639715e-02
-8.029359231366982319e-02
2.247111687550288339e-01
5.683791754874020219e-01
1.865019647883508214e-01
2.652934555837175787e-02
6.934828775139610935e-01
3.410686450015208426e-01
4.722210752104806786e-01
-7.223759342110248720e-03
-2.034594938797587849e-01
-2.452182236705218732e-01
-1.071749193813133771e-01
-1.330955516115884807e-01
-3.610833449107206383e-01
-2.815517651664563581e-01
-3.243027778329446442e-01
-2.024781227945099960e-01
-9.006186150260896139e-02
-2.659710789750811544e-01
-2.754192635791004595e-01
-1.503458081624387266e-01
-3.480435237735123866e-01
-5.125622020515114841e-01
-3.614020737707366315e-01
-2.198253364471538240e-01
-2.217242906914257128e-01
3.177708405574373729e-01
4.672549892006592348e-02
-2.322628937327539944e-01
-2.347346143268807805e-01
-3.371699660600786519e-01
-2.223273490928553142e-01
1.329559435189266448e-01
1.240245748883273269e-01
-1.166968741452594077e-01
4.419791592772964739e-02
-2.292518480647820489e-01
-1.830716333167762278e-01
-1.576292825115523377e-01
3.571787119740167937e-01
1.733884867491997384e-01
2.681853996120268091e-01
3.723466028140401951e-01
2.326695940751519198e-01
-1.972761440266982413e-01
-5.098481639876381588e-02
9.043458545587533537e-02
1.868163245353700042e-01
9.253395984699672172e-02
2.634742007774723005e-01
3.822752164001154140e-01
2.486955560898937989e-01
-2.531740281772180013e-03
3.098597724967482314e-01
8.617000386152529057e-02
6.777941654714192410e-01
1.186456927356915048e-01
7.337546435499071595e-01
3.586761882954893066e-01
3.824843304653929299e-01
1.441753706417802650e-01
2.052243776888982851e-01
6.000653529696196031e-01
4.630278096897965101e-01
5.260657583786619851e-01
1.983480313650433369e-01
2.573759531615704144e-01
7.876943023686604484e-01
3.909384823709862178e-01
5.224738274112357139e-01
5.614585103466044336e-01
7.951997897565986628e-01
7.535504065816921448e-01
9.001149456543819372e-02
2.556287294000509913e-01
-1.562740087251039134e-01
6.378031177674284846e-01
6.104441446416992711e-01
1.790044493173502116e-01
4.291155138123354806e-01
4.184904628937831106e-01
4.038643276239101687e-01
-2.011792044870261975e-01
-7.151988285528767531e-01
-8.384859102494457428e-02
2.320781684035965742e-01
-5.374550812291793989e-01
-5.809055719828182252e-01
3.031049952781795787e-01
2.928806077172889655e-01
-5.342822044986335062e-01
-9.121022827977079972e-01
-2.069504160420728989e-01
-2.477475162453122715e-01
-7.065019906943920125e-01
-3.197481494981346817e-01
8.863949637464409170e-02
4.507157147923379070e-01
-6.773628594612852716e-01
-1.087541804540831381e+00
-3.843805262844591786e-01
-4.652983317062048263e-01
-5.984117451503648821e-01
-6.645457069246680781e-01
1.461094384060295515e-01
6.276393906066090114e-03
-3.037948977018310459e-01
-1.003735366687603214e+00
-7.387973050813002596e-01
-5.078108882382702527e-01
-2.331169339706993804e-01
-3.715839136249460828e-01
-4.800555797241361222e-02
3.142348608486829342e-02
-3.074926076586565471e-01
-8.162229700866356907e-01
-5.314177089938521004e-01
-3.323229892864153490e-01
-1.665775787022645005e-01
-2.833534696236882366e-01
7.143011953677089187e-02
-4.489132954605250247e-02
-3.467258159618433200e-01
-4.389640907939860726e-01
-4.509348591280170626e-01
-7.122386817608426790e-02
-3.451560582251276821e-01
-1.910728641686273432e-01
-4.021811014009896712e-01
-1.356041475071820095e-02
-2.581427147510088060e-01
-2.713297018305280139e-01
-3.017898864419840121e-01
-3.220715851821715492e-01
-2.804156297774241385e-02
-2.130942440220413570e-01
-2.226062954514043679e-01
2.091002534403910984e-01
-1.823048129674757212e-01
-1.194314766692253504e-01
-1.047284870048336564e-01
-1.761973941886788020e-01
1.386015452981278484e-01
-8.498416523472691608e-01
-4.364864339589601405e-01
-1.561780339982844490e-01
2.586756878487355138e-01
-5.592815992758582919e-03
-1.424161231117556936e-01
7.574249659177618998e-02
-4.910881135486803301e-02
-2.006092399125463388e-01
1.805327293616267037e-01
3.990370369367716719e-01
-3.224311299414149290e-01
2.430485233401281087e-01
-4.360049560982771910e-02
2.360020555248999174e-01
-8.594853934584630040e-02
-4.005588022250780589e-01
-7.080876895629353851e-02
-7.963987053578071296e-02
3.353712561510939216e-01
2.692097107653032215e-02
5.645878152035714581e-02
1.121745084259953978e-01
3.319859914995234446e-02
-2.758548793799390775e-01
4.067899644454741614e-01
1.080306964463826763e-01
9.013640831131018716e-02
3.539735816470983287e-02
1.053651425821080373e-01
1.864011323191173408e-01
6.225972513350119114e-02
-7.494146686837455974e-03
3.768210069999401446e-01
5.069124405299937353e-01
1.884745142818596009e-01
-6.327904933769628974e-03
1.477771667863579143e-02
-1.191942787741993859e-02
3.271257659034816911e-01
7.691646386084231846e-02
3.164123257503079212e-01
5.486090407849831818e-01
2.046833838751843104e-01
2.279053066762199986e-01
-1.842759042652703239e-01
-4.973006086698666950e-02
7.069289864094896458e-02
1.915143401682494750e-01
5.539696863778025282e-01
4.608983925943256343e-01
6.396742028858494189e-01
2.090102570417014805e-01
-1.137474982845254785e-02
-7.143632552875919250e-01
-8.671016631521882845e-02
6.715156570915488121e-01
8.773987842321141484e-01
2.947844505861988429e-01
7.846679194180934402e-01
4.086610856292909877e-01
-9.332512271132785420e-02
-6.481234509770810170e-01
-1.477577232404848617e-01
6.610676133992355874e-01
2.645144775851463459e-01
3.814855891422974099e-01
3.303280486762484314e-01
1.636179850230595201e-01
-8.561052824080349344e-02
-9.811087892629548612e-01
2.153918589743893663e-01
3.567611049134288836e-01
6.120237639163115251e-01
2.928018578759522539e-01
2.400057269722820352e-01
1.526081552161674768e-03
-5.469592196446212418e-01
-9.655661284230440122e-01
-4.830247760809969204e-02
1.467339341937542452e-01
8.100993568653204191e-01
3.795588936191219842e-01
-2.110274309090044154e-01
-2.788966657553271222e-01
-1.045491822235700585e+00
-1.157032819151432967e+00
5.393368588015869103e-02
-5.002954478493271823e-02
5.502124479640143617e-01
2.068184987510680861e-01
-2.990835674866014759e-01
-5.166178761144181453e-02
-1.243184740384537967e+00
-6.931195625576989094e-01
-3.503010527087220272e-01
1.803835644834677621e-01
2.995966475057647016e-01
3.439402837942993618e-01
-2.054067638216164893e-01
-2.865793446206847950e-01
-2.010740309915511226e+00
-4.447626570940562685e-01
-1.463945661368006579e-01
-9.961640339988832304e-02
4.932551161245816718e-01
-1.084987213983257676e-01
1.894420755051026417e-01
-5.940891875143372580e-01
-2.028584899337894765e+00
-1.191918582188025599e+00
-1.518698272689625872e-01
1.593696139121931199e-01
3.386227917001010529e-02
3.884158015158233335e-01
1.847100022398065755e-01
-6.796296412901542405e-01
-1.613901160112421351e+00
-1.091886567345867975e+00
-6.301595013444591942e-01
1.408338702938571885e-01
2.294486476755596693e-01
1.126505652534528501e-01
1.910369479156888081e-02
-3.528072668889429275e-01
2.858600667359753600e-01
1.768269056521057370e-01
-2.416880780642531590e-02
-1.301896901260718165e-01
-2.447755537494825662e-01
-6.100698679401305169e-01
9.884325178418237878e-02
2.803177670815538147e-01
1.492582419658822490e-01
1.836937745791265286e-01
-2.048534596813075259e-01
8.353825766058721458e-02
-4.464375730728863401e-01
3.323343889365489023e-02
-1.185998070944776911e-01
8.110750964957760822e-02
4.093313634334300177e-01
1.718498719798396135e-01
1.247957675411029560e-01
-2.282251290077353112e-01
-1.512528981754426016e-01
-1.336473803212893073e-02
3.920377354589308916e-01
8.438386672669802302e-02
4.443055830633470538e-01
2.957563432421751459e-01
1.844117477132321478e-02
8.348878143007466834e-02
-3.122069565945297387e-01
-5.312042106563458904e-02
1.350920500138599045e-01
4.605644526246678305e-01
2.394104117757314409e-01
3.257627138248822551e-01
2.093793208560794095e-01
1.534233537929280237e-02
1.543904040265969002e-01
-1.402709637505991924e-01
-7.333058682777289505e-02
1.323402673936060203e-01
3.819869738824391292e-01
3.748350887479551807e-01
4.004561296041263541e-01
1.179535151131489018e-01
4.830074689751915895e-01
-1.514006869073236117e-01
1.115085575057931655e-01
4.503198679835886814e-02
-4.525729265652185182e-03
-7.337817354483382182e-02
2.228790868679748904e-02
3.321183669026148144e-01
7.525743033911002078e-01
5.604743744535638506e-01
-1.359557586739515156e-01
-4.235958783400590177e-01
-6.433598900414233546e-01
-8.219253903437089281e-01
8.493539573785494068e-02
3.761188936323935361e-01
1.005736602602645524e+00
6.536078152839845945e-01
8.769796317362731422e-03
-3.501652108133027630e-01
-1.248451900269914816e+00
-7.405754645309826634e-01
-8.097972145028542457e-01
3.877202169856713149e-02
1.446187489920017777e+00
6.519785260619516132e-01
-2.935690003534361520e-02
-3.487542758657778963e-01
-5.011871475894463801e-01
-6.019902868140881713e-01
-2.175277784778937434e-02
9.788505934082851467e-02
3.571503297104240970e-01
2.655189493951482516e-01
2.532084517366043896e-01
3.108622192000128417e-02
1.245896869105471289e-01
2.301075485802319895e-02
-6.546567922439013032e-02
-6.005680921657378241e-03
2.344540160064343542e-02
4.125671288877854476e-02
-1.236843047904429144e-01
1.227122469896947676e-01
1.673481637404306277e-01
-6.156018897757379454e-02
1.815291153039409466e-01
3.433397300734433721e-02
-2.874257730309197068e-01
1.455378199770569758e-01
-1.429067818828045899e-01
1.184869217871016150e-01
3.943880700865026179e-01
8.169790967408720531e-03
1.107122231979450755e-01
6.126152896682823118e-02
-3.668432306255611786e-01
-3.471291680739721497e-01
1.352900490084069651e-01
1.042927045137258674e-01
2.941000242019292110e-01
4.372785354548677783e-01
6.578994599131179899e-02
-5.618824540801108797e-02
-4.164044068793613107e-01
5.262730271880630001e-02
1.682635419552302725e-01
4.531125109460109046e-01
2.398000600384477543e-01
1.216937620144637189e-01
3.722980482296576743e-01
3.045871572832858226e-02
-3.063670047079409264e-01
2.837779536106191380e-02
5.974327706165462049e-01
2.488657431129162323e-01
3.923319276237550168e-01
6.915498689152437262e-01
7.261880041700313759e-02
7.832223623944725710e-02
-4.457207981815313191e-01
1.276258691656491639e-01
4.415780981751372125e-01
9.183009418128157408e-01
1.137893329867308401e+00
1.114270505623660146e+00
1.259002759911961089e+00
4.892024448968806949e-01
-8.437016430743887740e-02
2.601774275063678532e-01
4.372445934657602784e-01
6.931238734749206598e-01
6.030000217031551424e-01
6.285264866833258912e-01
5.110476057419504059e-01
5.252099302372895684e-01
2.932460881294544630e-01
6.506764901730418549e-01
3.132245182149264728e-01
4.880293181443670636e-01
6.758200450414015847e-01
3.682551783524943834e-01
7.985646545029108090e-01
6.043744261009751373e-01
3.018671286940640131e-01
5.218379401613874036e-01
8.109633423700284283e-01
4.341015578338326963e-01
7.464571620593757340e-01
4.042094807897125275e-01
3.340555311812900552e-01
4.033084073113412660e-01
6.535493507087426490e-01
1.466046269956748915e-01
5.534893919671943219e-02
4.552667746624056155e-01
2.019849483779904420e-01
-1.902043714250585549e-02
5.436023106134900695e-01
4.715977640594061771e-01
4.958064266060735470e-01
9.558264883033364134e-02
3.657585659180845883e-01
8.915699308044493232e-02
1.172132291082588068e-01
1.726989122583264813e-01
3.164679612029045463e-01
6.013863623189658059e-01
7.387510361685318827e-01
-1.324076677052841711e-01
8.405151865983423454e-02
4.359118877115466528e-01
2.628383392965151777e-01
-1.461435126955694108e-01
3.004238381018449200e-01
3.351012753865506566e-01
6.660044683175613267e-01
-1.573714641726629004e-01
1.759442155427280441e-01
4.734105822395361929e-01
1.197833495499691092e-01
8.992969213444820809e-02
5.800875177784779041e-02
1.776781206876736907e-01
5.702841252927651206e-02
1.707584903580117719e-01
1.976708830954065077e-01
1.306904673735602984e-01
9.422956584420101589e-02
-2.543127651707389331e-02
-3.040039567611263482e-01
-2.361054124069515703e-01
-1.073344911406436675e-01
-2.823289595867704560e-01
2.150266792896400048e-01
-7.475664224940002656e-02
-1.196359800720461775e-02
-9.880817198880105512e-02
-4.080891841849866308e-01
-7.345900035597151545e-01
-7.881415166928767979e-01
-8.426500376950608884e-02
-2.034743326064162791e-02
3.989527830746342901e-02
-3.987180690347023188e-02
-2.516315444283269698e-01
-4.944978758468215885e-01
-1.035078653872461452e+00
-9.394014631064370180e-01
-3.455287033015299603e-01
-1.337272629368029542e-01
-1.666299886731441582e-01
-4.145441956781328874e-01
-4.371828308385525830e-01
-6.003059939321150340e-01
-7.757701771473970442e-01
-8.609864911325570969e-01
-2.332954377881144292e-01
-2.572149496860066664e-01
-5.046543143278466870e-01
-2.325036334172241315e-01
-1.926473665403298785e-01
-5.659068848890629333e-01
-4.099871135112193032e-01
-9.070937736230350046e-01
-5.570903345391081674e-01
-5.108908183493217070e-01
-2.538245414765965546e-01
-2.639508130144153086e-01
-2.934005702410059646e-01
-9.956254784840722349e-01
-3.810040028133551693e-01
-5.562828093654441641e-01
-1.146481494584190575e-01
-5.869348116349822897e-01
-3.129300171930854968e-01
-2.971541820642875642e-01
-6.275842037103093185e-01
-1.163317838326675541e-01
-7.685778715797852989e-01
-2.661117838491916521e-01
-3.843533681787210665e-01
-5.618000530609091880e-01
-5.337780994013187064e-01
-5.494305285353466850e-01
-4.693863015808557582e-01
-5.364725634096686457e-01
-1.200248682176330961e+00
-5.033719548785057230e-01
-6.414427890597093618e-02
-1.004565651759733308e-01
6.331904508981167634e-01
3.861690056665939563e-01
3.030506778212723185e-01
3.614844524949633597e-01
3.788585221567885575e-01
1.377870810591495521e-01
6.438356315753633596e-02
2.020045984230470770e-01
5.480217374891253046e-01
3.401659110763796123e-01
6.111127952356590898e-01
2.586084620494932262e-01
6.212834894148088205e-01
3.004068190154921547e-01
2.245630048575460169e-01
4.856959484296437535e-01
4.295971265133073924e-01
5.462125396898409591e-01
4.108214231407036343e-01
1.571039464038372357e-01
5.472264240580771988e-01
3.917696278659519096e-03
5.020847385923788986e-01
4.013053175835483710e-01
3.830770398059060722e-01
3.877664832974715425e-01
2.971688862370215900e-01
3.680012889871737691e-01
7.014895108314533889e-02
-5.976997643551247574e-02
-4.291156234083913674e-03
6.378247912735734992e-01
5.125326654256540104e-01
1.152482000617215535e-01
5.334750755134242128e-01
5.130293307689457599e-02
-2.755368288775306151e-02
-6.024371179810816823e-01
2.231847164974529452e-01
2.830556288598008452e-01
-6.020179669592597843e-02
6.295067780702424676e-01
1.813903037646840133e-01
1.679773503414526692e-01
-1.487568906018769954e-01
-2.280822645536328963e-01
6.928248631849795447e-02
6.886786904055521019e-02
-1.397553665926134885e-02
2.213413199402555487e-01
1.095968492721901694e-01
1.900513273401025979e-02
-1.364673355875371530e-01
4.959985850065615209e-02
-5.520576228883641301e-01
-3.250715948224556229e-01
-1.969165032820072853e-02
-1.197108340908837332e-01
3.345448077797533726e-01
-3.943536280781247960e-01
-9.365997557186926670e-02
3.603555426691389396e-01
-5.191243539214249747e-01
-4.516587090913513902e-02
-2.283062383127205941e-01
-1.309728766420197033e-01
-3.611419026425840006e-01
1.326292782296339956e-01
1.353065809188687407e-01
2.060634241954424350e-01
-5.433997713582823241e-01
-3.886851191205211720e-01
-1.759166348640631705e-01
1.800701774431457403e-01
-8.631740977308172136e-02
1.612287691581260618e-01
2.505485110990553488e-01
5.362183148833937762e-03
-1.395047180701281808e-01
-3.899934292081158604e-01
-4.853813781399388128e-01
-9.660541557755383812e-02
1.048496840531653179e-01
1.137623980510329563e-01
1.797382770493496373e-01
-3.469109430669295446e-01
-1.977775760643622205e-01
-1.251481939114120201e-01
-4.260002724421911580e-02
-2.345612298162979004e-01
-1.088361952166741614e-01
2.240114344729133428e-02
1.555712874075444452e-01
-2.321943664837224919e-01
3.763840131701776115e-02
-3.644701677639415882e-01
-1.093991617841182235e-01
-1.320329870019376073e-01
-1.662634702104207746e-02
-1.418424039930634983e-01
-7.874408878090427555e-01
3.750568027224889245e-01
-3.626870843998585836e-01
-2.274876037111621674e-01
-2.170854819486597032e-01
-8.262158144479614386e-02
-3.752680387080880586e-01
-3.200865620214809332e-02
-6.461361050505846915e-02
1.656078053507007986e-01
-2.430273248590714419e-01
-1.855340043847213682e-01
-1.582749271492931153e-01
-5.627279485159459443e-02
8.547495845569487438e-02
-5.775497094858421665e-01
-2.486826167818552147e-01
1.876316691266139980e-01
-1.626509571295698675e-01
-1.368515653907928786e-01
-2.047032921353274248e-01
-1.439082464870571898e-01
-2.428066844843041749e-01
-2.867815254705161632e-01
-1.910900716871700988e-01
2.098265523308314243e-02
6.140784050061625088e-01
9.487544862714174243e-02
1.316375748241509040e-02
4.555913429864095199e-01
7.445411123188444558e-01
4.716295362094471977e-01
4.480367662344902913e-01
5.977106786568582297e-01
2.233754007333187963e-01
-8.511273235870794873e-02
-2.968946985423095986e-01
5.102475067934823805e-02
4.156525112348460893e-01
3.555577590210413641e-01
2.064141689013713754e-01
-8.127055350759172792e-02
5.702681534256011098e-01
6.358727070444948337e-01
-5.764880974896506582e-02
6.390363437920447420e-02
3.227649805095205715e-01
2.219061692100770811e-01
2.342127890332376949e-01
-1.335083367471560645e-01
-1.088439344610827031e-01
3.409178536384350200e-01
6.860577759155613853e-01
1.916760623584319312e-01
4.485002861051551881e-01
3.041939901423995063e-01
-8.999598385314404314e-02
-1.143769777047133444e-02
3.938872838825250855e-01
7.519585589544949822e-02
1.424823583478682099e-01
3.707253054450278529e-01
4.178505656371411248e-01
3.493842381798105690e-01
8.340277228252097885e-02
3.294692268732783980e-01
4.399865385892307024e-01
4.595647615544050102e-01
1.484071215824645518e-01
5.551868557807882083e-03
-1.744788910302980285e-03
1.639182161403946736e-01
3.042979586800215186e-01
1.131020113257570903e-01
7.685016838008624784e-01
4.317884372187953956e-01
2.628192285495276059e-01
-1.537424982148152541e-01
-2.008099710356052170e-01
-4.003256609767926744e-01
-6.489578961154096604e-01
4.310688688249607603e-01
7.061373245863975523e-01
8.302966535931030068e-01
2.366019986783373663e-01
5.348817097460785430e-02
-5.588893591313501830e-01
-3.810617634432437173e-01
-1.110440422871304511e+00
-9.781041192481756408e-01
7.129051217745562274e-01
8.134889710178085931e-01
5.851605101930135167e-01
-6.536868093330525098e-02
7.994873479416032824e-02
-7.015351631153948775e-01
-1.278781382335120398e+00
-1.371911460145455175e+00
2.454549961973236938e-01
6.650432794632474831e-01
4.803245045761613263e-01
1.650999457773500156e-01
-1.602569593701719253e-01
-3.486655444095289602e-01
-9.299879913070138171e-01
-1.480137822708319062e+00
5.668654165519250165e-01
1.500980929500473349e-01
3.169029178088380028e-01
3.962348719662695667e-02
2.805322286732832640e-02
-1.528913372030977214e-01
-9.243541261149119670e-01
-1.894004445584182017e+00
1.283842509534684033e-02
8.314105930283664792e-02
-1.699498054231969868e-01
-7.738589674651158217e-04
-1.640384059262828265e-02
-7.570422542088752760e-01
-6.070015481417414538e-01
-1.773979351425754247e+00
-1.501982534849405637e-01
-4.145054525034693182e-01
-2.387174093338338132e-01
-1.170506702502457502e-01
-1.016772444495037120e-01
-4.574397263569424665e-01
-8.690464353113336315e-01
-9.101886399406874384e-01
-2.239328741890380114e-01
-2.738429087212504442e-01
-1.734314348639057202e-01
-9.056426157280500489e-02
-1.465242678672239174e-01
-3.002765798583006407e-01
-1.058645262164521927e+00
-1.017951866770899549e+00
-4.283329657558024861e-01
-2.348131788437933520e-01
-3.336902651370473039e-01
-3.221415820429435750e-01
-9.187983331362138684e-02
-1.284167880703704911e-01
-4.649622870092932070e-01
-9.434832659900579399e-01
-2.293604047506321575e-01
-4.593167187868697487e-01
-6.686666324146841589e-01
-2.786640418420770482e-01
-6.669790105286496074e-01
-6.551556556176231505e-02
-4.198579352877491178e-01
-1.038428704303545835e+00
-5.399516667649908452e-01
-1.609894723865450961e-01
-1.916518499521868008e-02
3.190795927278360367e-01
4.617682637968858472e-01
3.401637235452052432e-01
2.692604633434489414e-01
3.362284124057031143e-01
2.549939795910124291e-02
1.312619299501647518e-01
-1.287099722292218799e-02
1.799323000586977028e-01
6.231566481821008280e-02
-4.988560470629161553e-02
2.001445183239396741e-01
5.384264748903035969e-01
-4.487398848696415032e-01
-9.062617411771867193e-02
1.788874531082865205e-01
2.925781436082310893e-01
1.064605814897948421e-01
1.137160133523618388e-01
-1.072729823763271355e-02
2.966099102359444628e-01
3.323277952687201942e-01
1.366440744241228800e-01
1.951122774184243513e-01
1.320682282068949831e-01
1.943281331179752547e-01
-5.862589460261179164e-02
1.514177420196505253e-01
3.593608686650135997e-01
1.544937976344992192e-01
3.524663146545253811e-01
3.947923330651461615e-01
2.963673263604526542e-01
1.140905240854022881e-02
-1.560546501019366705e-01
1.610357225119279923e-01
3.255523937172052906e-01
1.528141666260793563e-01
5.590856773847550087e-01
3.006361768945631230e-01
-4.594718725811377386e-02
-2.180603484124285507e-01
-2.104638473167573520e-01
-9.379455693046980791e-01
-1.000557312299638069e+00
4.242463038339703840e-01
3.266398526265239521e-01
2.257336762357691762e-01
-2.715764144157463145e-01
-1.643088553550108577e-01
-3.730961859053734675e-01
-5.867501858197615716e-01
-1.835994359001404952e+00
1.031912314752333332e-01
-1.940654803770985315e-01
1.817227013763924037e-01
2.320321025438291940e-01
-4.289919281186218014e-01
-4.543913898358825643e-02
-5.370132512247843826e-01
5.772239600577439012e-02
-1.111255756706822417e+00
-5.724642489834398384e-01
8.809680373717648783e-02
-2.687420469264286682e-01
2.059642402716476972e-01
1.773625131495036311e-01
5.048656634569892443e-01
9.211737802654278440e-01
-1.519385136644707091e+00
-7.421964596798799052e-01
-7.382859265512154989e-01
-4.179945174837119137e-01
-2.061683392584440777e-01
2.288477488046943009e-01
7.930050990339941874e-01
1.032498975811998676e+00
-1.362181290541483847e+00
-6.828161748132715037e-01
-6.223166026611117729e-01
-5.745671159840892717e-01
2.037197613176085498e-01
9.152713684033105812e-01
6.965449774718558418e-01
9.733253133199369911e-01
4.154247026712613589e-01
-2.713826708831998391e-01
-1.288889123578364770e-01
5.057768758308994056e-02
3.980880323295410417e-01
1.717392117156519848e-01
4.766770192609594559e-01
1.074990856429511643e+00
1.460499263229646238e-01
2.265543051815381015e-01
6.300472826810442351e-02
1.071180980215410139e-01
2.375461951827533003e-01
1.475460431922197280e-01
2.513878264063283408e-01
8.013378994307858438e-02
2.630191866064282014e-01
3.147906400946584582e-01
1.330309214299417175e-01
4.174944219224726583e-01
-3.597560741075251922e-01
2.781087117260781505e-01
4.633834476176362099e-03
-3.803033482825784323e-02
-1.572364436247122854e-01
3.467387530940341800e-01
1.442542094658485485e-01
9.832662590876099784e-02
2.539076263043409942e-01
-3.382234480779242602e-01
8.996738763269064576e-02
1.314088116941764250e-01
9.291641487772297481e-01
6.865064613941006255e-02
3.584651311741396951e-01
3.788600264979308796e-01
-2.708225650120787281e-02
-3.508499500401746629e-01
-3.451539099481553685e-01
-4.267976652642626045e-01
3.156201486626145081e-01
-1.612039799741393498e-01
-3.086938497846986040e-01
-5.708104505657560779e-01
-3.357071702481387865e-01
3.295926510056578218e-01
-2.048248413318894817e-02
8.306675780478389726e-01
1.914528080277315136e-01
-3.035502107742326094e-01
-3.850306710067448457e-02
3.221239071803020937e-01
2.599469101031826601e-01
-4.128588764559153884e-02
1.035111856355534765e-01
6.119706586993722830e-02
-8.556516259716254180e-02
-2.797427046639038850e-01
2.712099419304243031e-01
3.597325986609091197e-01
3.365639066057621309e-01
1.039393994078363914e-01
2.999611418003433339e-01
-1.419157009177134943e-01
-2.814893624099014668e-01
5.364396723632922255e-03
-8.686387558756669680e-03
2.911925873565625600e-01
4.290590744987144989e-01
2.556849735624539544e-01
2.278895567318352591e-02
-3.607342590252440306e-01
-2.420904863230073645e-01
7.862752026371254421e-02
4.260889475190057230e-01
6.169038958430816955e-01
-1.377508172698964639e-01
3.460169225152130990e-01
3.587096341516972653e-01
-2.641170953212247374e-01
9.409628374803634399e-02
-1.296605797915586500e-01
2.215552494452087962e-01
2.856780004965533970e-01
5.515848815106413339e-01
2.251931364715081818e-01
2.453535674450519621e-01
-1.519934942795641009e-01
-2.185446975612354847e-01
2.376146587225275997e-01
9.978561379426215128e-02
2.068049547518937270e-01
8.115792657218974526e-02
1.695572039257494112e-01
4.855824393395451466e-01
3.254024133396575813e-01
2.574734074091668528e-03
-2.394376010376876029e-01
1.519142442714089825e-01
1.940106178696970884e-01
2.033406755996609860e-01
2.858459903688793657e-01
2.427420246067835130e-02
2.830523380723017901e-01
-7.135861514565147723e-02
2.826892395130263247e-01
1.315297867692161449e-01
1.872763566746954988e-01
1.598805287708430500e-01
3.238983828062385051e-01
1.766461726918457376e-01
-1.540033997567426260e-02
-4.082418903018330547e-01
3.252008531137427078e-02
4.417410018302677099e-01
-1.159631455019036333e-01
2.488252232084834925e-01
5.705136332833420088e-02
-9.372346566058832595e-02
-4.740393824219178986e-01
-6.139873077820778846e-01
-1.820255792973892450e-01
-2.655170802903580873e-01
4.947111818483691803e-02
-1.074987084296476214e-01
-1.202718688024454752e-01
-1.873022211235106371e-01
-9.945214090561177445e-01
-8.089419465851039881e-01
-4.222493834313961192e-01
-7.228241248039408984e-02
1.981971376453734168e-01
3.231564930095447846e-02
-1.562157255266928835e-01
-2.410381029233779060e-01
-3.138228881991248498e-01
-5.890162253420712091e-01
-2.835755161121884527e-01
-2.446344107699993664e-01
4.031293347455405622e-03
6.731215915994977206e-02
6.097431369729273964e-02
-2.122703029903129091e-01
8.634656429177856030e-02
-9.322369499790778002e-01
-5.503590138419506284e-01
6.579764285636108267e-02
2.103873771735981502e-01
3.122598773161979757e-01
1.466770558058404228e-01
-1.142683087789975044e-01
3.167114344443072715e-01
-5.179288692750461109e-01
-2.225500852812317132e-01
-4.053243450700694805e-01
1.545969844642410551e-01
4.414786670331014018e-01
-3.150390245887167012e-02
1.511922761285831307e-01
5.436619813797970435e-01
-1.395473231406941517e-01
-9.633703400336457445e-01
-5.508148399189903843e-01
2.006712348573120031e-01
-2.094454479902834454e-01
4.138630722454660349e-01
5.285543956716491909e-01
6.075504245334040210e-01
-1.447936858068791244e-01
-3.389062700388281724e-01
-6.374044059416048569e-01
-9.836696257148827005e-01
-9.958151116709863526e-01
-3.578009375968972394e-01
1.433086514864596039e-01
-2.156627828759111187e-01
-4.207260560063906807e-01
-1.811110030016392092e-01
-6.414543661403057095e-01
-7.985482056901844761e-01
-9.466275489707115520e-01
-3.461693100583384530e-01
-4.662370825634962190e-02
-3.813273681673215454e-01
-1.456183320282390392e-01
5.589473458228968322e-02
-7.348127497324754565e-01
-8.270498363492594374e-01
-7.124247257032623182e-01
-2.716765312996276549e-01
-2.103936835193603860e-01
2.441686612383954791e-01
-2.519576370053447367e-01
-1.074482421672516702e-01
-5.747584653741354410e-01
-1.034940072229201036e+00
-3.353279162016136739e-01
-4.317730925071463499e-01
-1.280056212620627187e-01
1.989453050272182166e-01
1.247100100122725680e-01
-2.580894431119194476e-01
-5.867218124022741677e-01
-8.779169026681425958e-01
-3.344242110932701406e-01
-7.900070004692295866e-02
-2.742739025094702576e-01
3.286025332683957245e-01
3.867419722198092713e-01
-4.399928838315338986e-01
-4.062927642882402934e-01
-7.306516006183462197e-01
-5.003082742965544449e-01
2.365354410615277611e-02
-3.041739251410139830e-02
9.508208787638473547e-01
7.538954355451826794e-01
-6.420797890644407147e-02
-9.116713428855908186e-01
-5.745401020518594581e-01
2.046987150081637508e-01
1.016173757589810822e-01
4.464052835355505344e-01
4.847815478770838848e-01
4.206293135533883953e-01
1.070320120149290399e-01
-5.764506133855554770e-01
-4.323177248682086860e-01
2.141429192480793497e-01
3.414298362538492615e-01
3.986729063378449678e-01
2.719835028993769499e-01
9.942515212250057077e-01
3.256760464257249521e-01
-7.581256490161412120e-01
-4.412575188169658158e-02
3.000176650230889086e-01
7.999636381225517789e-01
3.528917888241924761e-01
3.549667299632840445e-01
8.081384354429986816e-01
-4.741076853439954442e-02
-2.184515507776715187e-02
-3.711368709063795901e-01
2.127463452521042020e-01
5.102030693784109783e-01
8.325258969261024600e-01
3.419707783700430825e-01
-1.258171142010093002e-01
2.420018153671590344e-01
3.364579510652370153e-01
1.348531607747759098e-01
-2.499653150223005854e-02
2.801756129734226941e-01
6.073264236796810378e-01
5.290470902162055511e-01
2.803862384102398866e-02
-2.476140060968144985e-01
2.218082874163801455e-01
-1.530765238984505561e-01
3.291392163563499618e-01
2.305249391413360105e-01
5.697135275507726471e-01
2.308083386313100338e-01
-1.828119872184153782e-01
1.575022029289155079e-01
3.729251036761042637e-01
-1.734948984941780681e-01
4.955775554829709717e-02
5.925780909427178500e-01
3.194648815997774838e-01
3.038846788823385547e-01
1.119783173496935319e-01
1.695467744767177876e-01
-1.229422776989227140e-01
4.204836453592372680e-01
-5.290675051582936078e-02
2.684292508972873637e-01
6.675982543723615326e-01
-1.899793944321475636e-01
-5.741116342833111341e-01
1.355693732431634546e-01
3.846589685095402195e-02
-1.539920821781931917e-02
2.797312789841095992e-01
-8.434417889884178454e-02
3.186306759949442124e-01
-1.904441738410556917e-01
1.010894546327051752e-01
-1.283762038567578811e-01
-7.091725712299452866e-02
5.733543866980878034e-01
7.162337500258377787e-01
4.153340686411324811e-01
-4.623245876798648957e-01
-8.312317679315668617e-02
-2.435188167635507772e-01
-1.343521523599634226e-01
-6.363058269311572257e-01
-6.029914384058251420e-01
-6.735085244861501730e-01
-2.003150543683634988e-01
4.540990943770502053e-01
4.076707916126542930e-01
2.093020362073557128e-01
-2.209451207751940982e-01
-6.836390491181000284e-01
-5.078220064694106695e-01
-9.546545248919401372e-01
-1.347916901750235812e-02
-1.448427811144946398e-01
4.902308780961823209e-01
-1.359212159143518006e-01
1.928065234803571226e-01
-1.953753349957798591e-01
-9.324577611956250678e-01
-7.138908814411757398e-01
-3.223489856992375890e-01
4.977100708210297486e-01
8.779289706459381115e-01
-2.038457551797206169e-01
-3.090643544867949233e-01
-1.374440175361801852e-01
-1.038645398651597329e+00
-4.901818692273212097e-01
1.052408322465632137e-02
4.881004906309460711e-01
5.606466597054980960e-01
3.183929818325211825e-01
8.695028438100418922e-02
-2.202995167476334282e-01
-1.138714735529601230e+00
-4.129212361899299299e-01
-1.669148608018756197e-01
1.893876371706288975e-01
7.137107225770790153e-01
7.547374893738162394e-01
-1.134932995936758088e-01
-3.554831352504215225e-01
-5.189610752275204408e-01
-4.593069705957343873e-01
6.704791748847649391e-02
1.599657627818361627e-01
6.463574489227286168e-01
8.045262043281889985e-01
2.461611079094644938e-01
-3.482486598847423509e-01
-4.634271499151694784e-01
-4.985699029591651454e-01
-2.631195153710252366e-01
4.695856655253293765e-01
3.209687276707058889e-01
4.505526757810566774e-01
-7.461730578014925952e-02
-4.466488294730958791e-02
-3.910886950576992760e-01
-6.790152706526542126e-01
1.775202905927443231e-01
1.868196606270028093e-01
1.613887507607947858e-01
5.379365249271230581e-02
-3.968745844629824049e-01
5.535950581808288945e-02
5.938813395711047688e-02
-3.177327939491416675e-01
-2.695302410683691474e-01
-1.200561278984974417e-01
4.916186553107192853e-02
-6.345441523216543978e-02
2.031720107979654855e-01
-9.062506586428102640e-02
2.776438593255534104e-01
9.113710990630323472e-02
-1.658749851703916756e-01
-2.903146258740445587e-02
-3.474840570543575868e-01
-3.366673051989659271e-01
-2.318851045680413725e-01
3.036713341962714030e-01
4.685270942927757254e-01
4.850708485528672925e-02
1.683849287402441330e-01
1.294025456952292430e-01
-2.481688181380547753e-01
-6.154504240999735254e-01
1.560189996567051540e-01
2.117708771605773255e-01
3.767739576911913191e-01
3.056331395930945161e-01
1.690685313983692761e-01
-1.915048069835127709e-01
-2.165155800357469740e-01
-5.754405202004736486e-01
-1.658420645685975137e-01
1.971955467224004444e-01
9.106737840874494505e-02
3.054628720794756724e-02
2.450663632017258120e-01
1.319598099893720122e-01
-4.523108420480118075e-01
2.322443511438041785e-01
-2.860139461381990822e-01
4.239151467905818982e-02
3.499181718152341580e-01
3.768180070156129657e-02
1.515552674151541823e-01
3.154352888939245814e-01
-4.551949972614348638e-01
-4.021956139263332397e-01
-2.249408098276309553e-01
8.766925313367830708e-02
1.533993210550127217e-01
3.457172579401524559e-01
-4.770633245883369039e-02
3.063217982014189780e-02
1.848406561970950823e-01
-6.748016734815314166e-01
-2.955668956556263272e-01
-2.463492801549254096e-01
3.713434521815552752e-02
5.752413824844223589e-01
-2.673243888488352482e-01
-1.004042814290518199e-01
-3.518609435692209852e-01
-8.800152441094750977e-02
-1.257062140849699861e-01
-1.509124590935119747e-01
-1.977133558650766010e-01
-1.902956076088963833e-01
-2.115935892862266798e-01
-1.775972377758951726e-01
-2.417989859630525762e-01
5.178728145599895138e-02
-1.955932271978753079e-01
-1.763020791402941934e-01
-1.720952800985419695e-01
-1.590960595043657277e-01
-1.973147171976225300e-01
-1.934742912721440777e-01
-2.188164422752671423e-01
-1.185518064487599693e-01
-3.344064317063462632e-01
-3.359842727510377047e-01
-3.690556943799737089e-01
-3.276000874214647363e-01
-1.418461378115106752e-01
-3.433820880372887019e-01
-1.777521435639379532e-01
2.264540833108362461e-02
-5.967233181819759924e-01
-2.667409933226577712e-01
-3.549154578662301329e-01
-3.652133331414765260e-01
-5.934086005994424484e-01
-3.901489399489585508e-01
2.063438960896421259e-01
-4.902453646719777403e-02
-8.756070722342579327e-01
-3.186201437826871041e-01
-3.238306283124387508e-01
-1.130095571715285407e+00
-6.116194783510090494e-01
-4.482533294555883785e-01
4.248317870216115066e-01
9.393163031643922412e-02
-6.837532793639536921e-01
-6.655627505169755542e-01
-5.742600602493391770e-01
-3.538569096017248894e-01
-9.260871230243082897e-01
-3.137792660185158566e-01
9.701974831916991837e-01
2.291994165920378801e-01
-9.052785703549038887e-01
-4.312605838159980221e-01
-2.782785355951568618e-01
-1.772084031277237903e-01
-7.043954868433414118e-01
1.282455757514178452e-01
1.621079145411924216e+00
5.214041837687555248e-01
-4.071114647579137658e-01
-1.144564866054395141e-01
4.545201683514580315e-01
3.727869987648401717e-01
-4.617069130857258119e-01
-3.043090503952263215e-01
1.160528493240018388e+00
1.653401160052612728e-01
1.099989260911486133e-01
4.288793170993502324e-01
5.485113916174017001e-01
5.473984143294230442e-01
3.608599006362945283e-01
4.326541954080872360e-02
2.256976052038457692e-01
4.050934902673059557e-01
-3.119692030665652607e-02
4.956137641764812307e-01
7.340259215325910525e-01
2.295145963217383456e-01
2.869580754274723144e-01
2.420105322716985599e-02
-1.028074824881196510e-02
-3.535059441794528023e-01
1.233306020728117264e-01
4.876678025386036452e-01
4.505595003014390976e-01
-6.339618877122094043e-02
1.937602273921057716e-01
1.593649215543116171e-01
-1.220122000132618095e-01
-1.142249391750929932e-01
2.043179272946619440e-01
-1.727217076758743863e-01
-1.391747335742512248e-01
-2.333944286621711939e-01
1.610498712578072866e-01
3.417940372286337181e-01
7.621045903117167064e-02
-2.475358103817124622e-01
2.141240293457084276e-01
9.858936378793299593e-02
-6.287518740340528045e-02
-1.435082396591022720e-02
-2.514306400533275476e-01
3.293753253476296855e-02
-4.768366725830383568e-01
-1.420378983995934374e-01
2.782836754449170558e-01
-2.755468660237096468e-01
-4.257381395078405073e-01
-3.766282151929459809e-01
-2.498399341449069611e-01
-2.820496094410701038e-01
-5.006367646918927772e-01
1.505205474174404479e-01
-1.119736410016661660e-01
-2.977658159641319857e-01
-2.853133199278907739e-01
-2.485327311272941264e-01
-2.335696904694673226e-01
-2.135233573595215206e-01
-1.814147546187944438e-01
-1.624795667293914558e-01
-1.685823471575728649e-01
-1.823248118647858573e-01
-1.724310705299508806e-01
-1.744681265329651454e-01
-1.644290595491996188e-01
-1.680976638259213118e-01
-8.214784841157588002e-02
-5.270978333193519771e-02
-1.527273652292944761e-01
-2.506138966705564464e-01
-3.229911268121271051e-01
-1.844391188618127175e-01
-2.195149486268996586e-01
-1.009515675702206683e-01
3.178670870064634335e-02
3.941923684523408467e-01
-4.042526112422705209e-01
-2.743131339131659185e-01
-7.372938757712359237e-02
-5.196445912567851204e-03
-5.560765363445492604e-02
-8.907284001501206139e-02
-1.918886533021166296e-01
2.840558587444652616e-01
1.079601582647273655e-01
-1.389314251420076807e-01
-2.378436339555814738e-01
2.992379099750275273e-02
2.143236960554735226e-01
-6.726851248576837250e-02
2.072386950085443880e-01
4.273035059322168316e-01
3.816244745184126930e-01
2.117365743385637988e-01
1.424996691991613773e-01
-2.880061037519577871e-01
2.535635721619747818e-01
4.304606494827027396e-01
-3.456702985095921887e-01
2.985906150605796006e-01
3.251917298948520663e-01
1.390112839370053052e-03
3.744233869256683583e-02
2.462098350949617695e-02
6.843671049223409852e-02
7.015600818182877729e-01
-1.893821900388906188e-01
1.444792338514253038e-01
4.357101165119406927e-01
6.987187049512315340e-02
-1.347153732899527938e-02
2.806277809250219413e-01
1.431217319623022573e-02
5.461204183500686232e-02
-5.488858264018474653e-01
-2.876566302217521964e-01
2.516971826721450256e-01
2.537565848950085745e-01
4.575377119953309424e-01
2.350307759619291448e-01
2.442958518475274177e-01
-1.463295911581501962e-01
-8.610724051034809312e-01
-1.299243310142130126e+00
-7.982819986596645379e-02
7.818477774314309681e-01
4.392925941261187073e-01
2.289704622231830689e-01
1.080116009338499272e-01
-2.703206153754131869e-01
-3.350931197320188293e-01
-1.331275634359637250e+00
-2.362324565093210094e-01
2.415115321420964745e-01
7.345489795439279490e-01
3.716411711667018114e-01
4.060748439445450164e-01
-5.565315360218334173e-02
-5.793141940526506106e-01
-6.390175036028232780e-01
-5.718156925423573123e-02
2.101614518897398365e-01
3.730013543775400620e-01
3.758331562073231047e-01
2.815936479591308328e-01
1.330440834834679675e-01
-1.556038476189041120e-01
3.830723568140769753e-01
-7.542711036844249040e-02
-3.064318614426728704e-01
-1.653688677524040307e-01
-2.339889561660951356e-01
-3.019307768147602364e-02
-1.104487231335871261e-01
4.874457422339458224e-01
2.644938973887418499e-01
-1.525246025831743235e-01
-2.912683327366425989e-01
-6.240132321153409878e-01
-8.005288888460150576e-02
7.729057528167463872e-03
1.699055546969357178e-01
-1.966147205339051629e-01
5.875810534287199127e-01
-1.206269760527842599e-01
-3.567020934760911088e-01
-2.074355773511243339e-01
-6.493173830697471782e-01
-3.517947217478588628e-01
-2.208881744764193134e-01
4.456161793559122036e-02
-6.031548636853401035e-02
-5.007568014809312545e-02
-2.500065682995717964e-01
-3.157267195893625339e-02
-4.992236626913227893e-01
-4.615923014676363151e-02
-6.589489873678108789e-02
1.529612762854035690e-01
-2.789843942962108581e-01
-2.026524102340001854e-01
-3.479775869227041407e-01
-1.537604326856071013e-01
-2.819555923540210673e-01
-3.105604811229842888e-01
-1.268053596314818454e-01
4.132247522238970405e-01
-1.765215211569839404e-01
-3.105792290781700035e-02
-2.656451261525222263e-01
-1.558941796178116290e-01
-4.939605837627437102e-01
-6.474965650415309693e-01
-9.060949136310565699e-02
-3.289552172395762142e-01
6.623802777458190905e-01
1.820029157462961233e-01
-9.467242617600875321e-02
-2.454875830381426094e-01
-4.606404696873636073e-01
-6.084398599585675443e-02
4.929617440805182937e-01
1.985094189494849004e-01
6.465548735115882462e-01
7.563243474786752740e-01
5.022473270753710084e-01
1.375591594470300938e-01
2.511830721712576264e-01
8.332657420611246091e-02
2.354851565953779979e-01
4.951537053972674407e-01
3.899160938203662385e-01
3.902776558393308837e-01
4.922231991604146262e-01
1.635583202248170331e-01
-8.989542468480323650e-03
4.255373350781842534e-01
3.578706038543642554e-01
1.750057802688743114e-01
7.153375853140456764e-01
3.231788747442407295e-01
2.880562418005537806e-01
8.449193657019592463e-01
5.522472374896797431e-01
3.500699674226026570e-01
8.821580545495726067e-02
5.796049201137775109e-01
3.744213368076823034e-01
4.433911278536177836e-01
3.020448149880115007e-01
3.277699418052446023e-01
5.479172831725158677e-01
7.285598797471122268e-01
5.013898942975587580e-01
1.682949876646803455e-01
4.651485946268381078e-01
9.272381912070355725e-02
6.094283312685784271e-01
2.144200360537031336e-01
4.655552440652359625e-01
5.959032032443066784e-01
5.932711435593169824e-01
3.243800484904670878e-01
-3.080977799678472628e-01
-2.698625045034703795e-01
6.615880823840310232e-02
4.742993190669832215e-02
4.818724832007793002e-01
7.772945903183973160e-01
8.406075080376329556e-01
5.896829868814974507e-01
-1.266901934040974842e+00
-2.490424189640954022e-01
-2.157302520127611922e-01
3.531967110947729638e-01
4.052282988929997720e-01
1.281681146204500521e-01
3.071629143556516839e-01
1.845606873654621338e-01
-1.612686572272256758e+00
-8.401539816056452503e-01
-3.671045211375553730e-01
-3.905721396969342729e-01
6.107828766349288757e-03
6.364278700669648847e-01
-9.126929275250730833e-02
7.068464400545113047e-02
-8.025680971566290234e-01
-1.191941620108951660e+00
-2.042297173941909627e-01
-6.956008148090372933e-02
-1.538480817501146347e-01
-2.355896226135149041e-01
4.451043645094411860e-01
3.804472630259012056e-01
1.243449264055275505e-01
-1.172220974813305699e-01
-4.516049460110801300e-02
-4.968617716887119840e-01
-4.319238823693222207e-01
-4.598675453162026083e-01
1.095097221300551232e-01
-3.554408751506105829e-02
3.266539337949635885e-02
-2.516497271474065767e-01
-1.777001459361367552e-01
-2.357411830165314082e-01
-3.091317247978380908e-02
-1.404288312583377163e-01
-2.733112048189290655e-01
-1.259853192667285265e-02
1.998986940919331712e-01
6.218755271295661052e-02
-3.938165488673889825e-01
-1.521458786952249731e-01
-3.238817738230241328e-01
-3.825648682008648271e-01
-7.740712965612714380e-02
-1.281648118671263326e-01
8.363595047254569759e-02
-1.312639564135174020e-01
1.040400927382884172e-01
-1.793869211273761977e-01
-1.926718974795285366e-01
-1.253747482648656930e-01
-2.007902722271785179e-01
-3.023252814010872203e-01
1.310354119763320335e-01
1.040967751764006362e-02
-2.679729469096138739e-01
9.462867617243576890e-02
2.193743391612322600e-03
-4.064828930546681707e-01
-2.434855942678051943e-01
-4.173516446650868406e-01
1.747670435427062241e-01
6.645016108948136047e-02
4.679971540267891528e-01
1.593740102798537339e-01
1.357932130980465391e-01
-1.949913072928232682e-01
6.000145930530408067e-02
-5.892102849140057330e-02
-6.554196482944493751e-02
1.373154778190973646e-01
-1.260867122431582610e-01
-1.162531017008285178e-01
-1.020369865264981191e-01
-6.064231191818090227e-01
-1.026924555299302710e+00
-5.168361891330535141e-01
5.434180172034234202e-01
1.826009131067806157e-01
1.141093826197776273e-01
-2.381137273535992860e-01
-8.714814389310666931e-02
2.305701935610896813e-01
-9.846710290779271679e-02
-4.540026335599576246e-01
-1.790344357167003297e-01
1.989566520104526226e-01
1.652369956292780440e-01
1.266358758740863399e-01
2.465647617601086639e-01
1.147493127004498847e-01
7.173778168183224391e-02
-3.570795105546214487e-01
1.948022431615027417e-01
2.122586388165579319e-01
5.032040062828849886e-02
-6.679685828720990926e-02
1.436192902403449490e-01
-9.259621382503646636e-02
-1.793988978139014062e-02
-1.969155185220176074e-01
2.276615966401291102e-01
3.195744614460693245e-01
3.024004701278353857e-01
2.396288237662551890e-01
9.821478845112904810e-02
5.976153444508502943e-02
8.271452989797467570e-02
-8.494132598650423749e-02
5.414361484417961473e-02
6.004649040170992325e-02
-1.294412534758860867e-01
1.717902448129679793e-01
1.868254399920547815e-02
2.685494785207352963e-01
1.926523203477788215e-01
-6.989692396761534865e-02
-3.203728352544649161e-01
-1.650591734039841829e-01
-2.890149303758381971e-01
3.639021052027464065e-01
5.751067412747606911e-01
7.052192105264531996e-01
1.638878319360328739e-01
5.696902361111504803e-02
-4.215090582775218309e-01
-1.667105198429061630e-01
1.591873641940165507e-01
2.302660671018530170e-01
2.857245574765300833e-01
4.755858145964871886e-01
8.239468815869446794e-02
-1.872540404276182291e-01
-6.053983512607937767e-01
-1.213360230352606289e-01
3.861482286185973223e-01
1.889511052706661642e-01
4.470072332237037815e-02
5.129810553651331650e-02
-4.352260162444983316e-02
-4.513459660371864635e-01
-7.867273230803897288e-01
-1.296434288911081922e-01
6.368618901870140570e-02
-4.645976994429283635e-02
1.432446441019674943e-01
-1.005490147836034381e-01
1.454164109818134772e-02
1.401895987816891009e-01
-2.959072266899497317e-01
3.937084340878154176e-01
8.475091899127690231e-02
4.375079505271292080e-01
-3.565077691423469697e-02
1.178627035837833889e-02
-3.573538994626363624e-02
2.568277562335691266e-01
-3.327181312326012996e-01
5.338751822332005875e-02
2.503234189896880735e-01
1.107112273229523824e-01
1.006057844655052075e-01
-3.424204399468350202e-01
2.921317688812271607e-01
2.047003356888734416e-01
1.883233531296861496e-01
-1.049391540572683218e-01
-1.604440261772926424e-01
-2.205757620404406177e-02
-3.528981045854732296e-02
3.006982698731178738e-01
2.361162661363513104e-01
4.561510355650651438e-01
-1.228541860767258659e-01
-9.207011542043587460e-02
8.717917549919630693e-02
2.562818596089058883e-03
7.345306533113107883e-02
2.444400138516855392e-01
2.883314286959600681e-01
-6.041591377355799014e-02
1.767446610353340664e-01
2.367707698963550725e-02
2.275783667684361591e-02
-2.679126585431031438e-01
-3.409844955512581488e-01
-1.377149078168367902e-01
-4.131703309047639605e-01
1.174098881722502319e-01
-9.599595378002723223e-02
-6.750481015890642811e-02
-1.702015262305879573e-01
7.606370698586099877e-02
1.772092181197889027e-01
-2.675593847184172258e-01
-4.803676082698494221e-01
4.549088936699828833e-01
-2.568697509673382839e+00
2.473015800969792011e+00
2.093358479865098598e+00
1.235188268461055339e+00
-2.498005456472359054e+00
1.544737426889257970e+00
-1.201408981779890306e+00
-1.325612169725955303e+00
-1.264930976795377582e+00
-2.857188800188163458e-01
1.048614634240242482e+00
3.160459643828322118e+00
-1.525617927149630182e+00
1.063390224192304556e+00
-1.993509582662636559e+00
5.607841415045956568e-01
-6.682614461562137453e-01
1.804021005953612589e+00
-8.939652036464699192e-01
3.205693311172054472e+00
-1.895619684452589437e+00
-8.466449242466858038e-01
-9.707664055928397762e-01
2.569776686839015056e+00
-1.071637625471038024e+00
-8.652609063461307315e-01
-1.601950946969555201e+00
1.403107075243863244e+00
-8.415691967733518464e-01
-6.057918545008444955e-01
-1.804081205185650960e+00
-5.424890953079012368e-01
-6.600914772205160874e-01
-7.588177544918668360e-01
1.285374690672844489e+00
-2.048195579786682152e-01
-8.203533932308553211e-01
2.679801800211957907e+00
-6.646534102912815545e-01
-1.295045777895946548e+00
3.743888203430893458e-01
-6.312153268627946900e-01
-3.285648345220489319e-01
1.380324969680854164e+00
-5.233061778464195291e-01
-8.237173640617031500e-01
6.029664999542709847e-01
-3.986765356310340014e-01
-4.989287369210582690e-01
-1.927203131853229001e-01
-4.476821784056818077e-01
-4.762076981220469407e-01
1.474987285841899309e+00
-6.225105452567010200e-01
1.875272400688398511e+00
-7.230743270223148889e-01
2.463268114050878865e-01
-4.596801469347086555e-01
-5.583875561072230154e-01
2.087516634660836701e+00
1.424994963084831312e+00
-1.320081141743795483e-01
1.965225188155122371e+00
2.279078899791712409e+00
-8.361879610879877633e-01
-1.552451548788505109e+00
1.491171536095541761e+00
-5.836796908132585449e-01
-3.763477085346230711e-01
-8.983656986499436448e-01
-5.224720234094433202e-01
2.997502374602197595e+00
-1.371068839044695009e+00
-4.625100944881523901e-01
-3.481792557666704702e-01
-3.717240412232363234e-01
-4.706293318446392870e-01
-3.725428485432410453e-01
-1.701062333856580233e+00
-7.494022195477799686e-01
-7.811072577405836492e-01
1.502131361417115896e+00
-3.996830354036044475e-01
-5.811422713220367742e-01
1.171326247972798607e+00
-5.970278548651659634e-01
1.726918622272419990e+00
-1.900098444706537215e-01
-9.187422698429339452e-01
-8.588446303431243045e-01
-6.874322202909528556e-01
-1.496432640295029870e+00
6.071095011079985504e-01
-9.473687728252838669e-01
-5.589898775978393575e-01
-1.215269065396571424e+00
-6.423010861786210279e-01
-6.712062718051671206e-01
4.571490117176606888e-02
-6.551499610562101505e-01
-4.054133036348300245e-01
-2.790670303481079806e-01
-7.972791326512610466e-01
-4.729493376049547226e-01
-1.338609497335041087e+00
-1.534867511462884915e+00
1.367755992381975760e+00
1.945673869329274108e+00
-1.468625627815520973e+00
-1.272286204273355592e+00
-1.501747950001667053e+00
-1.427937797748423998e+00
-1.561084270463902968e+00
1.869859155410672047e+00
4.922776550187839550e-01
2.623308485086568442e-01
4.227653486176721209e-01
5.514825565026310050e-01
-8.842416850141666673e-01
-1.683259879655788716e+00
8.300870160851542279e-01
1.529095250873477418e+00
2.060149029941662491e+00
1.633538970850847871e+00
-2.451387259888120340e+00
1.097456644878257892e+00
-1.184760600623995686e+00
2.419660312837459415e+00
-1.320131145304400011e+00
-9.841585974646577251e-01
-1.441838503640511027e+00
-4.607653829382084565e-01
-6.720717100331659033e-01
-6.373725971600312512e-01
6.893614499072365787e-01
2.429280814481264983e+00
-5.402120928355116369e-01
-6.109512650867511274e-01
2.808603731610506138e+00
-1.425926138775796548e-01
-4.742329137697606778e-01
-6.584729605645804895e-01
-5.347290326839061469e-01
-1.101031441779610986e+00
1.384965638307992464e+00
-7.934403241618721569e-01
-4.158279100183336352e-01
-8.210676811131075725e-01
-3.398091154683618442e-01
-4.266289888090782356e-01
1.311170085265796148e+00
-2.427044811054931694e-01
-2.762473682858085366e-01
-1.439057637835318981e-01
-3.930026148623078086e-01
-2.283525424966408590e-01
-2.145119982937658154e+00
-9.250760593689694167e-01
-1.221560084880565444e+00
-9.481170547083200839e-01
-1.008712731783360184e+00
-1.157469849537988482e+00
9.839018879503355075e-01
1.103558970090578129e+00
5.979627796284098240e-01
-2.643156468392088287e-01
-1.236751086507998476e+00
6.335430241832552545e-01
-1.492438643234324402e+00
-1.980313231670407514e+00
-3.559114388441970700e-01
-1.192530456067566247e+00
-7.808932010685689651e-01
5.233534637887845564e-01
-8.114833190046817357e-01
-1.122176829453113145e+00
-2.440491425185196572e+00
-9.070966583726479682e-01
-9.920757764812258017e-01
-5.225082509348257798e-01
-1.052579191838674211e+00
-8.241303152463919091e-01
9.243861311735851460e-01
-6.132857306920891372e-01
-6.220392055746504223e-01
-4.840446541378636836e-01
1.494129764782710090e-01
-4.897660026459530469e-01
-7.519952147711727042e-01
-3.422660442840276818e-01
1.733510525304552408e+00
-6.340923038888328367e-02
-5.065566011704989435e-01
-5.436202962353930968e-01
-7.955889858761427957e-01
-1.272852884289577213e+00
4.600785514233614593e-01
-5.964803648880739884e-01
-2.539577634930220151e-01
-6.393728117220963680e-01
-4.770587050216253400e-01
2.415441406062252661e+00
-9.434963448080712078e-01
-2.528990581826897621e-01
-2.153207166274405115e-01
-1.473823330123024133e-01
2.506817433417404928e+00
-3.430903034160510123e-01
2.248057026007517223e+00
-2.312924721026182739e-01
3.941837478242645521e+00
2.930039583021533556e+00
8.623953495915924750e-01
3.731045505210269120e+00
2.155876435134930436e+00
-2.767065302146328731e-01
2.620946476313547269e+00
-5.340456423706362032e-02
-3.845428386557397937e-01
3.837177737671189970e+00
-3.603511957081319550e-01
4.081798166718215271e+00
2.312644606911443468e+00
-5.085594205342135465e-01
-1.628276172649678055e-01
-6.032664167312437042e-01
4.235677047403421547e+00
3.380841729421470543e+00
-8.307839943247352643e-01
3.014308449158624281e+00
-2.079466411534445225e-01
-1.195380913331635653e-01
-3.564205639191186381e-01
5.143284063436668774e+00
-3.336608274635514126e-01
-6.883571182758092821e-02
-1.743962009442006356e-01
-1.000842553996464795e-01
1.678934955837726895e+00
-3.774781396225851404e-02
-1.241802993837150676e-01
-5.408210484906099402e-02
-9.647717058060339967e-02
-1.052642057733111855e-02
-7.720226225369482276e-02
-1.574728690346840765e-01
-6.046377035354617846e-02
-3.563038651860951922e-01
-2.187973251524967522e-01
-7.577699860280209809e-02
-2.141676433852091055e-02
-1.630093887844648315e-01
-7.676889315697740801e-02
-6.520176290193731294e-02
2.601490728415800646e+00
-1.548857726081899200e-01
-3.041541589426351860e-02
-8.444649740336577018e-03
-3.765970085542372919e-02
-3.021479322766685779e-02
5.527304944960513833e-01
-6.255816617142490044e-01
-6.916866807167564302e-01
-4.803498005164147377e-01
9.783587592427958057e-01
-4.406176646727483215e-01
-4.643169673256817287e-01
-5.401935996159469289e-01
2.711056132329915158e+00
-6.459962265627840206e-02
-7.810389867032667688e-01
-8.158352529213657167e-01
-7.266901997643177014e-01
5.763553230584387288e-01
-1.177737339046793119e+00
-5.818479717767031101e-01
-2.230722757275698798e-01
-8.078898670598152476e-01
-4.290077663802506769e-01
-4.767195893722374067e-01
-8.423260567979835578e-01
-3.153088884581768947e-01
-3.019714836509156952e-01
-2.334967407630865188e-01
-3.505468338510495663e-01
-3.358272780019740944e-01
1.486370032003613728e+00
-3.511874798276524712e-01
2.636397918700319476e+00
-5.758585205131714346e-01
2.370820319127794562e+00
-3.411734793010609001e-01
-6.073376244104941035e-01
-3.636182726024956291e-01
4.323108643866392597e+00
-4.779536271453573709e-02
-4.202588583490658447e-01
3.201762345733580428e+00
-5.021164933558767141e-01
1.210028409041012942e+00
1.870439496981363581e+00
-4.548905582256866365e-01
-2.592565536594274023e-01
-5.619595266305204007e-01
-4.516727956743048500e-01
-3.656857414670119932e-01
-8.394610148383770953e-01
-2.178473739349184868e-01
-2.558241942712599637e-01
-1.315008561738038040e-01
5.111247189715004247e+00
-3.202487657805193622e-01
5.036721709151932291e-01
1.522562637938881247e+00
-8.349846643283657111e-01
-7.946010255491190444e-01
4.019186330126673506e-02
1.404087703074902382e+00
-7.017402404002665017e-01
-6.826778621474797193e-01
7.549973315586916423e-01
-1.714946317845813251e-01
-8.540022949697744226e-01
-7.166724697316925186e-01
6.794603745711118581e-01
-1.625961778336771690e+00
-1.646271013793937810e+00
2.409521251084029370e+00
-3.570533411631319765e-01
-1.260316411873664055e+00
-5.513205195724361074e-01
-5.732727617592517921e-01
-1.334462467438046085e+00
-4.299335038886201166e-01
-5.742848139450859035e-01
-2.248778453134012145e-01
-5.861551776496435329e-01
-5.965488061889340221e-01
-6.464558304403571487e-01
-1.126531215088370841e+00
1.978321044754894231e+00
2.097109209344118153e+00
1.419429645412057517e-01
-8.282948228260255119e-01
3.349349504116248433e+00
-1.060712536648679150e+00
2.355033213043686846e+00
-3.772150011830914251e-01
-1.219709747480434148e+00
-9.901217758796331259e-01
-1.370391084841873219e+00
1.558608553111186235e-01
3.938216036828128819e-01
-1.513396593263379053e+00
1.835742936125689839e+00
-1.354718237082893184e+00
2.795304127398551497e+00
3.251754608931949342e+00
4.490933504894798478e-01
1.650608435486430770e+00
1.460919410346145586e+00
-3.991279871208428531e-01
-1.461048662987351365e+00
-7.315640778364425056e-01
-6.475521452807375677e-01
9.975930685030386380e-01
-1.248520405877521666e+00
-1.130739381336082205e+00
-2.512027860764043385e+00
-8.885633291391690225e-01
1.228946499321158736e+00
-1.159210294237110972e+00
7.988816221348474800e-01
2.252929363785933337e+00
9.658454310298406620e-01
1.355976085565392397e+00
1.302711544357914475e+00
1.390770641853812162e+00
-5.741269022694479585e-01
5.804685924956219933e-01
-5.153144367074833365e-01
2.013203649606389867e+00
-8.653668433623415979e-01
-8.624949788987771315e-01
8.014364110421368093e-01
1.667512510411866211e+00
2.004582822007273890e+00
-3.372091871443722022e-01
-8.739702287977942907e-01
-7.340022216930207621e-01
3.284801106535614190e-01
-6.230735815376112763e-01
-1.038103514741416822e+00
-5.849957616769380087e-01
-1.997764127654623467e-01
-6.829374572230284546e-01
-7.642088007699039398e-01
2.750186178188426034e+00
-8.692534275917968012e-01
-1.699175878823766805e-01
-7.272286353287340521e-01
1.556439330909348939e+00
-9.437068926187315299e-01
-1.789316094901430843e+00
3.874615390186705310e-01
9.874814609759031692e-01
-3.379949024591275553e-01
2.195377928522849853e+00
-4.033911774810641226e-01
-7.353657420287791346e-01
-1.202427209851877121e+00
-3.838431610907061531e-01
-2.809126282195266167e-01
-2.552900653709658796e-01
-3.778723064183755476e-01
-4.005655840742625706e-01
-6.300146392423559005e-01
-9.520691959532247284e-02
-1.685689421485915551e-01
-2.071274035287953008e-01
-7.266109893368291051e-01
-1.495916897325967054e-01
-1.991229826320708440e-01
-1.294112165991264940e-01
-2.715277425670243328e-01
-1.840727524028095211e-02
-1.779227248286800456e-01
-1.941788204445189792e-01
-2.489738159878203960e-01
-4.690021711954595052e-01
-6.306768729560058295e-01
-3.066032808823732636e-01
-1.269617838852029335e-01
-3.459063479833093813e-01
-1.347695318176386770e-01
-1.061930266322400618e-01
3.886513444553552077e+00
-1.451059269370024718e-01
-8.397399240494604622e-02
-4.621343098690391255e-02
-1.186592388183210361e-01
-8.897059452578010008e-02
1.915549978079995164e+00
2.160217147497994095e+00
-9.374881681640743203e-01
-5.681764920554384091e-01
-1.686753394034839204e-01
-5.659857998955031277e-01
-4.880401410913476345e-01
-9.721475401854408060e-01
3.452146929202257297e+00
-1.014580870203172086e-01
1.845141025113897770e+00
-6.889036783066861958e-01
1.748326299472835244e+00
5.537716405006506415e-01
1.847255970050564855e+00
-9.153595675630710193e-01
-3.606771575996299273e-01
1.400398879661638452e+00
-4.589652607325140354e-01
2.284658637230353229e+00
-1.076479546095308493e+00
-3.261746855305073245e-01
-4.530578074824177515e-01
-1.890145489771485054e-01
-3.161061660740057677e-01
-3.912299197552898122e-01
-1.559086009805206841e+00
-6.362243540697050115e-01
-5.964148076134766496e-01
-5.832164364418452873e-01
-2.810810596214906587e-01
1.681653097993001778e+00
-1.089946764766889453e+00
1.964133434518805066e+00
-8.706378929099860553e-01
-1.249512522938457798e-01
-7.851660546424678033e-01
1.740171327322513228e+00
-7.745968729164776079e-01
-1.402235015703767074e+00
-1.419686047509771676e+00
-1.218815656075291409e+00
2.297857703284207354e+00
-1.226293347008885704e+00
1.926828268071193895e+00
2.620751646296794135e+00
-1.617160248514069476e+00
-5.456481559271397774e-01
-3.737734084732632356e-01
-2.630885622371357813e-01
-7.272076216517499025e-01
-4.635130913549873610e-01
8.522855274830344330e-01
-4.601070148142090699e-01
-6.498280547442194521e-01
-6.880873668848260793e-01
1.676590832968649858e+00
2.172555238309870962e+00
-7.157655596095520156e-01
2.025229134365001293e+00
3.872546712057428842e+00
-1.112701582777208126e-01
-6.740305625168121484e-01
-6.906514110590571409e-01
-7.605281195694403307e-01
-1.259262925528684463e+00
-1.184209905154371523e+00
-6.452343304373394650e-01
-5.100320299364689003e-01
1.583160815212546924e+00
-4.026490239240827496e-01
1.981599447195512953e+00
-1.170714121798612117e+00
-3.923425010187370776e-01
-3.442848021386256119e-01
-2.287952668875948559e-01
2.678412683567159558e+00
-3.288370903727829697e-01
-5.477901132698365094e-01
-1.151397178062693261e+00
-1.267271127054827806e+00
-8.360249933694766655e-01
-9.197828340747314924e-01
1.777406907588052976e+00
1.554324111156906829e+00
-8.952948302807817171e-01
1.353957758615418783e+00
-2.125144460673506486e-01
-9.947964504513192585e-01
2.773455022162799821e+00
7.260283079999184652e-01
1.211823673772003396e+00
-1.845272964329288667e+00
-1.025581130297896992e+00
-4.717420400222460675e-01
1.604875024649970561e+00
2.675676887606680321e+00
-7.604667146658270482e-01
-1.808452483326716154e+00
1.258190446451680211e+00
-8.219315365964482423e-01
-2.776523954984903009e-01
-7.424577298802387260e-01
2.657755606834416362e+00
-9.260830091902991779e-01
-1.979351703173450328e-01
-2.665342941703837121e-01
-1.932442030824483015e-01
2.509345221532380599e+00
-2.312445040189540502e-01
-2.607086740272265279e-01
-2.370413266944901287e-01
2.634289633469296010e+00
-2.282996071995128592e-02
-4.144049937247742954e-01
-2.476040900648524001e-01
-4.399324333043621027e-01
-7.207587715028322961e-01
-8.240711394205503249e-01
-3.222166818220244533e-01
-1.430442521891096275e-01
-3.178898178857369472e-01
-1.627716325268996622e-01
-1.664939212766500254e-01
1.792393682331939297e+00
3.929041439764146659e+00
-1.241578246093756471e-01
-7.499029527652829874e-02
-2.306302546384440821e-01
-1.395499989376441652e-01
9.033837511373244977e-01
-3.434108789743773871e-01
-3.640910276572857929e-01
-2.474868829949929128e-01
-1.188443598971318904e+00
-2.808551561090830151e-01
-3.695594794244233539e-01
-2.109506529948272646e-01
-4.352083865653194050e-01
-4.700289536259925904e-02
-3.143869907612538706e-01
2.477097113837158471e+00
-8.529502642968115333e-01
-1.103267001274606862e+00
1.332236691161813757e+00
-4.321706669812508395e-01
-1.313018695191066620e-01
-4.072173970947872146e-01
-3.225080238119725773e-01
-2.775302288600402512e-01
-8.417551787537367325e-01
-1.803871142949775852e-01
-2.505147867214012614e-01
-6.190929617346901948e-02
-1.979570318643835980e-01
-2.947665923112129938e-01
-9.277726127859109440e-01
-2.729900372516367302e-01
-2.625296107423697456e-01
-3.398710683842195990e-01
-1.091581355880768545e+00
-3.030423620689741693e-01
-2.997824368805216411e-01
-3.145428086631208431e-01
2.881579350081758584e+00
-9.206724465835013083e-02
-3.539666992170353854e-01
-4.376029435951389601e-01
-5.226208135984243830e-01
-9.166896911021046312e-01
-7.010511182325807056e-01
2.413367114407330316e+00
-1.841271674408657966e-01
-4.350872502374767414e-01
-2.143911349829539237e-01
-3.218993914698500269e-01
-6.106744121020973859e-01
-2.652404696849742782e-01
-1.517638804077331982e-01
-1.335579799613907104e-01
-2.810123027500043280e-01
-2.155598252744981291e-01
-1.689737821801420292e+00
-5.962947575241678289e-01
-5.110362816774125516e-01
-7.751121836467234072e-01
-1.955000855946755767e+00
-9.016914242729889839e-01
-9.146358332129396196e-01
-1.006598600453694203e+00
-1.051222095154146219e+00
-1.126110133755709175e-01
-7.839927982021596131e-01
1.935154508222812098e+00
9.712997431532645054e-01
-1.458758725131588552e+00
-1.786657176962411331e+00
-1.292228875450808001e+00
-5.648672179409551797e-01
-9.794482230732574068e-01
-4.946136551775481283e-01
-6.478971534891048156e-01
-1.283392034443630259e+00
-3.852587516273376367e-01
-4.177035345214732964e-01
-3.419365357485973922e-01
-9.458296327291628725e-01
-5.213640572754710822e-01
6.038789411806935181e-01
-4.180862057038377544e-01
-5.878848269573628826e-01
-7.185289551652769280e-01
1.667984574842006351e-01
-4.234315592796986660e-01
-7.846133039663149011e-01
-5.500094269422929338e-01
2.632554882349143810e+00
-1.106068707435667181e-01
-6.392495208561346232e-01
2.156123479627415129e+00
-6.655091748400819851e-01
-1.209343288063666755e+00
-9.083074052476349802e-01
-6.799597673940533937e-01
-3.815735495118874887e-01
-6.888818898888660058e-01
-3.567207301919767537e-01
-5.879121964743518891e-01
-8.929945114700404973e-01
-2.586705941106031137e-01
-2.805832323409279683e-01
-2.799600219149950830e-01
-7.640389646361414044e-01
4.095057895933347680e+00
