-1.305093900717115875e-02
-2.731569865291692475e-02
-5.297393427105184099e-02
-5.150064836009841940e-02
-4.121401948679833532e-02
-2.412169662469501943e-02
-1.611264334476051122e-02
-6.370873952427947261e-03
-1.056344006064136899e-02
-1.340362271914865080e-02
-2.424945528497214967e-02
-1.671775087076777036e-02
8.720014744018233415e-04
1.495021255879276818e-02
2.477503529348324546e-03
-1.905096386417626632e-03
-1.152366797029616939e-02
9.126661630196878294e-04
1.217721820777792861e-02
1.981938618067472652e-02
4.383122036538435184e-02
5.186591181556107072e-02
3.139995000449536527e-02
2.102700006006222311e-02
-3.122351362245954359e-03
2.800179827977287289e-02
6.600323668035962266e-02
8.487335612982054023e-02
1.035837400625747029e-01
9.020972384231283614e-02
6.901278196365569217e-02
3.979511853773760877e-02
2.437344178139206133e-02
1.204012466792282188e-01
1.854849195214979540e-01
2.066630699720188313e-01
2.068243262419135198e-01
1.491259150140851475e-01
1.150139354316021961e-01
7.624515093808520438e-02
1.185455266426887477e-01
2.397959031820314502e-01
2.496135984037878841e-01
2.022691872641274868e-01
2.084154611940642332e-01
1.837688474470408062e-01
1.458372866133953449e-01
8.627462957381461239e-02
2.712141100891814482e-01
2.581583254545367634e-01
1.470851551919644118e-01
1.149110482189188293e-01
1.792363325951862596e-01
2.127455276797488026e-01
1.618618250950812076e-01
8.322294770479890524e-02
3.818532898313070634e-01
1.357205918972546888e-01
6.338982349197050392e-02
8.605796963663688015e-02
1.917173227701114702e-01
2.499176512859795640e-01
1.914027943520848485e-01
8.236397424287522639e-02
4.450574598179062313e-01
8.690844785353996071e-02
9.419375403110982758e-02
1.717915829918495729e-01
2.462399525180608284e-01
3.049656004799758402e-01
2.276301432779408718e-01
9.352930838021931981e-02
4.583115327107148973e-01
1.329356719374458207e-01
1.716423158082290845e-01
2.142927996990099671e-01
2.160179289974557548e-01
2.781641190910587036e-01
2.641380215516812013e-01
1.562120715318420783e-01
3.840644683407904991e-01
1.764038749918487026e-01
1.894619677097785504e-01
1.862381904953687994e-01
1.329663642735363083e-01
1.927474352023576809e-01
2.603828650636753617e-01
2.436435191777215070e-01
2.606450254237861475e-01
1.573261760671000598e-01
1.426001637076278195e-01
1.086461768840346342e-01
4.184096741592912422e-02
8.610137679877710726e-02
1.553654487795533556e-01
2.118105610181486576e-01
1.234994376671615796e-01
6.204297732048633801e-02
7.081093267179969231e-02
3.978778146050431647e-02
-2.033907524334730571e-02
1.402742237489108812e-02
6.558180680616992886e-02
1.184443892513571267e-01
6.597472431451791020e-02
3.292790201893913693e-02
2.195455572090147453e-02
1.496197719541735548e-03
-3.603913585166720196e-02
-2.822390441018979290e-02
1.237453848866770963e-02
5.224094085873544346e-02
1.893568507291365499e-02
3.942834645717653054e-03
-9.733241623670899761e-03
-1.252037043563882825e-02
-3.741707887041587771e-02
-4.517650616853589179e-02
-2.307232213978284430e-02
9.199769928132347022e-03
-2.235909238209971613e-03
-1.465541171589324239e-02
-3.060198600481606190e-02
-4.034965990671095931e-02
-5.845802168439991758e-02
-6.279982052559372752e-02
-3.677578818300178409e-02
-7.891697820041131822e-03
4.559097656177126673e-02
3.502808452568187403e-02
1.610052813663201410e-02
-3.809760450175509426e-03
-1.411876928329386209e-02
-1.721850129042348451e-02
-1.543290356213932076e-02
-7.260466140398668528e-03
5.367943559875095610e-02
3.341646241502993497e-02
1.047092796624726936e-02
-6.050207528276034183e-03
-2.360527493883223665e-02
-2.075357641634828845e-02
-2.450876073815596787e-02
-1.676600297224424899e-02
5.809982401581593320e-02
2.803403924507495357e-02
1.069457953077678110e-02
-8.041368447234430172e-03
-1.813016244106642472e-02
-1.512791775115500739e-02
-2.388413527285179402e-02
-2.580257312170356615e-02
5.659529410027600710e-02
2.520526933478410905e-02
1.420181506885135302e-02
-2.810808001072213642e-03
-1.942492152005600645e-02
-1.377566686184481491e-02
-2.475366917020839844e-02
-3.170768036899664771e-02
4.632930893145736917e-02
2.746021995838896640e-02
2.090164046455087951e-02
5.270152438524282161e-03
-1.333880444528878426e-02
-9.142750651242596144e-03
-2.728939783660004961e-02
-3.187725908274388620e-02
4.118637045822873960e-02
2.670173540166908763e-02
2.091033367658900327e-02
6.826436408046597341e-03
-1.588599135630269082e-02
-5.649817329771386100e-03
-2.052005032088358161e-02
-2.319671941982629979e-02
3.124634859155357366e-02
2.580952934623932313e-02
3.086678837866782543e-02
1.682355255991922760e-02
-9.081934394197610158e-03
8.279581921437162081e-03
-1.197610383203423501e-02
-1.594332874672918510e-02
2.120917707465600974e-02
3.783950885095959532e-02
4.141069313448784289e-02
2.392933902763077700e-02
-7.171699623744959458e-03
2.417321493316036685e-02
8.276380324935852378e-03
-1.566962226151027244e-03
6.626180206688591333e-03
5.370223414103697523e-02
5.869190848427488505e-02
3.280567899572560397e-02
1.287244832220000960e-02
4.301330381662267499e-02
3.956734096415805840e-02
2.838186219354399756e-02
-9.730650081183534915e-04
5.932367661977999695e-02
7.862132526312821945e-02
5.964712015471856921e-02
2.222338470742928410e-02
4.452936588401903290e-02
5.270454480437440636e-02
5.979064145537230784e-02
-5.799301609110094589e-03
7.110138209369906703e-02
1.005476511733474632e-01
5.364052871159610825e-02
-1.674565154772247356e-03
2.414332391173336714e-02
5.172292078432713658e-02
8.822292042837656667e-02
-1.004092240834915904e-02
7.263128897088332037e-02
9.667473684940212919e-02
4.421938900679950324e-02
-7.478889395542455409e-03
3.749617377297844670e-03
6.129030456772677216e-02
1.048387929609984198e-01
-8.314315543136052700e-03
6.104547405530340309e-02
7.286143179581634766e-02
2.622102451015149646e-02
-1.314231362380520636e-02
7.926336463096948781e-03
7.154969137245456579e-02
9.081613791251443024e-02
5.797614935476551670e-03
4.738366551737267784e-02
5.508870757706328669e-02
1.126532707394676917e-02
-2.119021773783371157e-03
2.218906769903748397e-02
7.485515394264885547e-02
6.271872342838336056e-02
2.593858838464562985e-02
5.062912674657259887e-02
5.066817984790970841e-02
2.497077713375428151e-02
3.569160354928634787e-02
5.536736284047701073e-02
7.223760991784322627e-02
2.865174693744517928e-02
3.042957207795706984e-02
6.573624917758445763e-02
7.800358742812481261e-02
8.438912441469459402e-02
7.615805215814627771e-02
5.449458535001358572e-02
3.146746277387833801e-02
2.390577212846748106e-03
-3.345404433185554440e-03
-1.359515979588433315e-02
-9.854925677770246667e-03
-1.028554834736627316e-02
-1.442030674780110135e-02
-1.378580328154646595e-02
-1.337699686983543322e-02
1.017946002727081840e-03
-3.672426705338586485e-03
-9.823133807822249583e-03
-6.340095427246024602e-03
3.999990091324123753e-03
1.072554161887188592e-02
1.905202256394672791e-02
5.159299573921083404e-04
1.070913820831396503e-02
-3.195671475154851417e-03
2.336617367665807122e-03
1.368386052588903105e-02
3.240874354179679867e-02
4.529490716227476538e-02
3.991478200920776931e-02
1.038760769867206647e-02
2.013280142945369361e-02
9.547274574875343200e-03
2.806152555029325230e-02
4.481370085931116187e-02
5.485518062020232344e-02
6.099982626064212599e-02
3.471519878815337162e-02
7.829285413885734776e-03
2.035494018581866793e-02
2.946741241966993607e-02
7.439729654186107155e-02
8.684265618319177149e-02
7.878748225261215932e-02
6.019736286515824097e-02
1.864707608334242872e-02
2.500922684687541080e-04
1.881012732564126336e-02
9.078263267550185089e-02
1.173604009911937973e-01
6.363931229211433616e-02
3.245017008979716316e-02
1.497018160760668452e-02
-1.987833011927030158e-02
-2.575088454749295194e-02
-6.517314026004112672e-03
1.551526820008924390e-01
8.723832001438809602e-02
9.399459766617612039e-04
-8.987522275586506265e-03
-2.425694118580653050e-02
-3.568683966188244266e-02
-2.743175493804059228e-02
-2.234528084304415740e-02
1.983881479409802806e-01
2.660769355235444167e-02
-3.791939215635920651e-02
-3.202442458608988768e-02
-4.023405435809601638e-02
-2.981787612544692379e-02
-2.549290549925922050e-02
-2.354807653784440208e-02
2.170813847565799259e-01
-2.418383893608027843e-02
-4.073882043305953465e-02
-3.082641420493570372e-02
-3.228453472677264569e-02
-2.239427893481091975e-02
-3.159542047555051469e-02
-1.702648824087640150e-02
2.221482890745095085e-01
-1.593562785926998931e-02
-1.798077944354579613e-02
-2.104029706737508068e-02
-1.634030771176262636e-02
-8.666524232687567234e-03
-1.322121674212321622e-02
7.490945545684198938e-03
1.902282260484204068e-01
2.671603426550616875e-02
1.384347651046829650e-02
-5.848764662642007674e-04
1.166215520352089849e-02
1.968568505800332574e-02
1.663151001089325370e-02
2.872560707642233743e-02
1.410857668948435339e-01
7.114045526399141728e-02
5.173648739127303942e-02
3.924661438780286532e-02
5.238879631322237995e-02
5.054713564818828081e-02
3.819162564240397018e-02
3.200606817226266110e-02
7.860699114150199174e-02
6.804633431680240374e-02
6.952070367183374455e-02
5.388892849670492979e-02
5.436803669040111975e-02
4.322783266657838352e-02
3.078128011856176918e-02
2.574239676360934315e-02
3.077506906931228026e-02
3.490789092380454373e-02
5.444252297784459710e-02
5.222801883317856886e-02
3.826860953010884775e-02
1.970680706546385288e-02
1.105799553315363511e-02
1.394514174705884998e-02
2.839346775161577692e-03
1.680603528173338313e-03
2.081823873647990070e-02
2.741553736812102002e-02
1.812937376393276845e-02
7.567800197863374517e-03
7.957340439466232748e-03
6.115832136782933803e-03
-7.794708707607564575e-03
-2.122909653036368985e-02
-1.010738947197839348e-02
3.473083562335589625e-03
6.456800506017560705e-03
2.616454865135813945e-03
5.812733343421383828e-03
6.341126632845682856e-03
-1.147725481542078742e-02
-2.749969384451488724e-02
-4.479414871343310317e-02
-3.650807045059528688e-02
-4.921543180665152555e-03
2.439430372996274562e-02
2.020952397275727758e-02
1.928105534795128764e-02
-2.079645622352416234e-02
-2.854564881912140251e-02
-3.611766494108836767e-02
-1.994778721556095605e-02
-3.707611064434066569e-04
2.377322124424266492e-02
2.356923502958387096e-02
2.506441792074828520e-02
-3.630866275973831242e-02
-3.608546504312923342e-02
-3.813040989797458064e-02
-1.134483897510790880e-02
2.211207994940649697e-04
1.594054879828103038e-02
2.869320158630307011e-02
3.187957652661409236e-02
-6.904676171782916927e-02
-5.002867380095534638e-02
-5.588292182488412835e-02
-2.935821652618179206e-02
-9.721720508806441091e-03
1.840135140233226801e-02
3.123852526256801210e-02
2.742101739859532233e-02
-1.427008140879142684e-01
-1.280087488217203084e-01
-1.643398909485241643e-01
-1.671845401638490658e-01
-1.529962177877430551e-01
-1.224167103033976800e-01
-5.843771463018456597e-02
-2.978078583529365081e-02
-2.399958734022789586e-01
-2.013988977820884707e-01
-1.986709360813409264e-01
-1.905846917379289407e-01
-1.975789901011071326e-01
-1.512048724861244364e-01
-6.184386252608077561e-02
-4.018321916377280700e-02
-3.461812801885950641e-01
-2.202790030260020349e-01
-1.685311341561246123e-01
-1.981274611992834001e-01
-2.460802206700827000e-01
-1.428866444284126180e-01
-8.031627309926094027e-02
-7.647296031013402218e-02
-3.775261363278630267e-01
-1.980528934925089302e-01
-1.593747700486708163e-01
-1.804441697944543510e-01
-2.193113655941697215e-01
-7.968527160282591615e-02
-5.494459106049972424e-02
-1.137026084093284706e-01
-3.336061590000971022e-01
-1.081428120875493476e-01
-8.608531969268153061e-02
-1.523881449518566522e-01
-1.562985931209094903e-01
-5.664536373082773579e-02
-1.424770658482304303e-02
-1.319464529626592220e-01
-2.823342915697944489e-01
-1.225500978244595113e-01
-1.318545678691217526e-01
-1.377860764994185971e-01
-1.167849454111507396e-01
-7.135530841455954565e-02
-3.478440872750650920e-02
-1.505054477070184027e-01
-1.526866921556023216e-01
-1.055207889470701349e-01
-1.361807399433528631e-01
-8.941880401724593141e-02
-5.739985900936457608e-02
-4.755521079115203331e-02
-7.574128660463173845e-02
-1.909234204093898379e-01
-3.414886643835918223e-02
-8.017575328453999117e-02
-1.274483214724339286e-01
-1.125609685140653154e-01
-9.671360853430996385e-02
-5.213990261386758363e-02
-7.931271740100856449e-02
-1.295235531361729198e-01
7.216565128504980053e-02
1.486422135985650088e-02
-1.244129312115097551e-02
3.579168150668472249e-03
-1.395690744090081863e-03
5.133037886187503257e-02
3.340267226979396625e-02
-7.853099055009653620e-03
8.857649934096402389e-02
4.121237857790291392e-02
6.145946100166608736e-03
1.977528290164079147e-02
1.928529810876314365e-02
5.130448056529379047e-02
4.609512211729750036e-02
1.192322408098064890e-02
6.209840423486859273e-02
6.093253882240921154e-02
1.746923606526607289e-02
2.643616217821183334e-02
1.798313988852716025e-02
2.657928203343180515e-02
4.065115140532481186e-02
2.330222925506875153e-02
3.096361160953292613e-02
6.725048763079424785e-02
6.068763694783085860e-02
5.384715665940794510e-02
2.012565297477958773e-02
6.902271675021446479e-03
1.128481297488020084e-02
1.733346433712049453e-02
-1.916831671055087500e-03
3.654038568362749737e-03
1.765424460841863398e-03
1.301206114911881463e-02
2.467329186634905497e-02
3.005607427056105133e-02
1.907322609143841802e-02
1.199107746392777396e-02
1.064456486477618471e-03
2.090072422032028879e-02
3.625221157361156049e-02
4.630660668216793341e-02
5.609744644395921881e-02
4.998477507847425699e-02
2.642595025232456415e-02
3.158394261124251867e-02
1.475955278317851727e-02
6.436811031465655697e-02
9.666620656825170022e-02
1.098773191350545658e-01
1.235299623385031492e-01
1.232571746567633769e-01
8.459759642438643978e-02
8.425264369268031794e-02
4.675984577386799179e-02
1.355355200546541905e-01
1.885059828041102947e-01
2.066774874974624532e-01
2.129614226003382071e-01
1.891874172452151504e-01
1.416463001492750673e-01
1.624935959902567284e-01
1.282418398981654828e-01
2.740866943472300421e-01
3.139331077954362059e-01
3.058055377670212960e-01
2.755262823619508139e-01
2.328973365496068426e-01
1.837256763446916408e-01
2.304575789197968738e-01
2.857134805535894717e-01
3.635183534997443178e-01
2.991231651105930034e-01
2.260487429970250151e-01
2.142312936596118544e-01
2.117571316824543304e-01
1.949624207233815465e-01
2.147687014676635808e-01
4.264486725064645656e-01
3.771430656557983041e-01
2.716549385850925979e-01
2.464822755653031383e-01
2.717889240651340521e-01
2.660742012621248875e-01
2.175894113660094276e-01
1.478809405259748633e-01
5.289819323434638010e-01
3.703074045516944190e-01
3.255337067482973468e-01
3.155987907838507245e-01
2.899585848333184335e-01
2.062000224730976827e-01
1.104775758925147094e-01
4.458189158920110307e-02
5.619618807887898360e-01
3.094697979125227150e-01
2.631973398000460040e-01
2.035771008288227157e-01
1.309820163150525185e-01
6.150591926744752858e-02
5.653467610348349680e-03
1.448113614711261064e-02
5.340332196439473433e-01
2.417092608382171715e-01
1.434110224936704647e-01
6.563315722509679984e-02
2.125326171551065318e-02
-1.720029967745874844e-03
5.630334694898618542e-03
5.425823696745757374e-02
4.610804348511226003e-01
3.003928344377510551e-01
1.840209534180132500e-01
1.216812480792181378e-01
7.991130461928545869e-02
7.579226465385488498e-02
1.024230533876753363e-01
1.474141613671182682e-01
2.994833473132937907e-01
2.769921765523781776e-01
2.341703339235952364e-01
2.209439465496944588e-01
1.903523536008429606e-01
1.799508338451006884e-01
1.752029259820389595e-01
1.714508098697236083e-01
1.485203792827647362e-01
1.988856221227229826e-01
1.941967635914944312e-01
1.924299549836751000e-01
1.684657864332998467e-01
1.558243268559073857e-01
1.408910954257264203e-01
1.185536445725331733e-01
4.057147577831218127e-02
8.744914059230124437e-02
1.054429155809872565e-01
1.162542106431429245e-01
1.112977302542906693e-01
9.447541724707488042e-02
8.065527350162346454e-02
6.292753068708811792e-02
1.738446988944179414e-03
1.904962922546304255e-02
5.035097061329681795e-02
5.126331679519439272e-02
3.723712695067198791e-02
2.806762012430978614e-02
3.197488100229508440e-02
2.788518500820542576e-02
-3.878732970242236566e-03
-9.696008749658467998e-03
2.796486310909022423e-03
1.334386869576621205e-02
1.487513938169750423e-02
1.184916098850490387e-02
2.393486852492555592e-02
1.867161446788450155e-02
-2.486863539814198470e-02
-4.171325823477236953e-03
9.466246466194263090e-03
2.409656368038535362e-02
3.942360990968679646e-02
4.517013192948195893e-02
4.130621852104860575e-02
1.743171129931754201e-02
-3.719728383488660889e-02
-1.631586908773248901e-03
1.786799415034344765e-02
2.601099202286106041e-02
2.581337081797506483e-02
2.855909837200563961e-02
3.966529370075243255e-02
3.443956449883779636e-02
-5.459167130116855671e-02
-5.880886339830777333e-03
1.794015704551068374e-02
2.625598252560157678e-02
1.293305572706913813e-02
2.130789411824732856e-03
1.814941450407905887e-02
2.285610616804079412e-02
-6.471976717317672045e-02
-1.180124727869076920e-03
1.868650839618468673e-02
1.414003000114270707e-02
-1.774696720781609657e-02
-2.730748120123869041e-02
-1.807364842821759451e-02
-1.000053544106106057e-02
-8.680113544549276916e-02
-8.165195595313486099e-03
4.602746911991333588e-03
-1.294104620291533850e-02
-2.687604928649593716e-02
-2.129376422496464041e-02
-2.336566931137821004e-02
-3.078104206451712233e-02
-9.974859745281960954e-02
-2.271475934308626529e-02
-3.215540135825877693e-02
-3.459370107312900039e-02
-3.752739963023480479e-02
-3.600481137813185684e-02
-3.496443318996723948e-02
-4.550992408131769584e-02
-1.255296654833006342e-01
-6.401982328665273281e-02
-4.485770070790790626e-02
-1.479569573101633360e-02
-2.943626473985995820e-02
-3.874675223310169309e-02
-3.809800448824297164e-02
-5.139298558764118091e-02
-1.163330604106099370e-01
-5.522871052847903861e-02
-2.806383103417284947e-02
-9.699546346647297534e-03
-2.192637220899016845e-02
-1.939136836686139106e-02
-3.203428505086831912e-02
-5.097409227407220106e-02
-9.830553136296191208e-02
-6.032150031456384731e-02
-2.091563133265850541e-02
-1.106185361903324303e-02
-2.841294062189020364e-02
-3.125578225492361278e-02
-4.562729964346068368e-02
-5.328746459320997386e-02
-8.896617476972500105e-02
-7.220768353233318615e-02
-7.504027362392842217e-03
9.386020662969056516e-03
-1.182391718003161785e-02
-2.495560201457999380e-02
-5.919018579994193840e-02
-7.304214970410637109e-02
-8.331603080788317628e-02
-8.886684763143809507e-02
-1.765735135442968520e-02
5.903167150682682874e-04
-1.924996677568121053e-02
-1.821837334772415454e-02
-4.338023755044360247e-02
-7.942559319476560908e-02
-6.162820364242239252e-02
-7.167932510981143979e-02
-1.768845304818273192e-02
1.399065764324933583e-02
-1.088772482184966264e-02
-1.275197548218247323e-02
-2.499094531677433645e-02
-6.341057383217857391e-02
-4.664487688799805187e-02
-4.639926575918698615e-02
-2.299240501116651264e-02
5.522163500865454218e-03
-1.900348083608036087e-02
-2.607863687132439337e-02
-3.899240650961859067e-02
-6.523443367785881908e-02
-2.846004225910854155e-02
-2.307988730601212221e-02
-9.967314983146706095e-03
2.090045727030698935e-02
-1.090958261571986672e-03
-1.536931032793737752e-02
-2.926624418717335002e-02
-4.979314624981901610e-02
-1.661980552208991435e-02
-1.329783097017593271e-02
-4.842806665436336089e-03
1.766844859601622228e-02
2.478960550888668988e-03
-4.526291461966657631e-03
-1.975724325072727994e-02
-3.256136202276110891e-02
-1.091458183062115304e-02
-8.493672229116342939e-03
5.237204287473079273e-04
1.261634997849751805e-02
8.190697351347715066e-03
6.241480866708132551e-04
-5.929860167136365851e-03
-1.812245364727890426e-02
7.475063254668567157e-03
3.842939466363497203e-02
9.769762799965632516e-02
1.437094768011797086e-01
1.551236172207711983e-01
1.329166596802512368e-01
9.339107249609956973e-02
3.332635680290815111e-02
3.226994019649550433e-02
8.110693683331308967e-02
1.202395032208032483e-01
1.058221935594402391e-01
1.035755581156814209e-01
1.132970223175528979e-01
1.040897199063761103e-01
5.256976324566293296e-02
5.634824073884427825e-02
1.102026169543014050e-01
1.292137715923354635e-01
9.987753008770969276e-02
1.124891912013524786e-01
1.411302179758110731e-01
1.171503222439733982e-01
5.961513777754317428e-02
7.786297022589623584e-02
1.104037784667480510e-01
1.196507651510687609e-01
1.104063638697249383e-01
1.260632443382383727e-01
1.612691014636749853e-01
1.251830976603370005e-01
6.094627386956554677e-02
7.404728453046581504e-02
8.616026926822870080e-02
9.530943176116926652e-02
9.087624341798071492e-02
1.115379961719765445e-01
1.578027772537796969e-01
1.165132423837209608e-01
5.456528511273491672e-02
3.941975472751451520e-02
4.150965416486979837e-02
6.577564944960490045e-02
8.306629795973115293e-02
9.977888638244337971e-02
1.422433667203420182e-01
1.450992859279223168e-01
5.998733736207997186e-02
-4.276797541062677017e-03
1.721880308735058637e-02
5.402307237948541369e-02
5.895772216708664720e-02
6.142730703459583358e-02
1.111406818972746208e-01
1.466362562039363326e-01
7.474718971270209733e-02
-4.425267449067515207e-02
-6.806845308633186452e-03
1.902566633736771373e-02
2.053710958453454707e-02
3.029328693836521452e-02
8.380605937285329210e-02
1.424431779361877703e-01
8.618754188370510161e-02
-4.910775846310938553e-02
-9.020564042064704163e-04
1.422462524001964247e-02
8.228543017300346540e-03
2.505946121445105923e-02
7.141337536256160690e-02
1.314559924334834373e-01
1.036448154840310804e-01
-4.070549264621792229e-02
1.353438917626552645e-03
1.364844238783056822e-02
1.022751982440531573e-02
1.647025206129007491e-02
5.472933339131346581e-02
1.127323479336400092e-01
1.132981522923317691e-01
-1.820711618381098268e-02
-8.393761067540158813e-03
8.463301447886499920e-03
3.009363579698411378e-03
1.675363245047431504e-02
4.721708656012714445e-02
9.589138009626488324e-02
1.129926702779383146e-01
2.267891813784509228e-02
1.346491389790932698e-02
-6.832885045972251527e-03
-2.314820696431655125e-02
-2.900618293504906133e-04
3.054102956273245170e-02
8.211787930272750058e-02
1.177015463989869587e-01
5.241919071938627023e-02
4.882941630385146531e-02
3.108634392507284364e-02
1.265084094830454427e-02
3.633854777704297739e-02
5.529283918381214247e-02
1.074953611722184454e-01
1.294341060431241086e-01
6.942515059661689969e-02
7.519693198753936436e-02
4.775992702047630184e-02
3.565345356359535256e-02
6.919290785584361614e-02
8.295821991500648696e-02
1.249765236937566693e-01
1.056173325391494555e-01
5.512260923583758160e-02
9.609940425310822820e-02
8.482769640345434736e-02
7.010031457403045896e-02
8.731638131458141494e-02
9.463357177364820072e-02
1.094558884839881285e-01
6.505122979434083130e-02
4.396975672722588935e-02
1.086123927918356546e-01
1.519621328749199418e-01
1.632271361209451099e-01
1.542454522436554620e-01
1.225562208140778264e-01
8.303538906358402805e-02
2.886758499565036939e-02
2.497137961228976938e-02
1.374923753864351617e-02
-5.209679843148785211e-03
-2.071177779292001850e-02
-1.585705082046166142e-02
-1.610178007349882812e-02
-6.661217534075052071e-03
-1.351413942747337104e-03
3.680790396466132597e-02
1.394868244333307208e-02
-7.961006661805913745e-04
-1.632952853421633377e-02
-1.299709888734681962e-02
-1.642351370578159706e-02
-8.072248547277935393e-03
-5.694889599261333119e-03
4.341201184548501568e-02
1.080851751857401198e-02
-5.802889818981003985e-03
-1.840217021248433810e-02
-2.069751739432985210e-02
-2.407329151192524885e-02
-1.196269139071939706e-02
-1.044861003929143696e-02
4.451661165391521818e-02
1.125813940177187479e-02
-3.182023298349899009e-03
-2.165142282253878364e-02
-2.833279967260596277e-02
-2.580284046066139841e-02
-2.162972913732549851e-02
-1.366857613795931584e-02
4.170855739373223459e-02
1.394927737779184072e-02
-5.583238523197626632e-03
-3.774658182244283039e-02
-5.289934485713285867e-02
-4.038048454894643813e-02
-3.627174727947507504e-02
-2.162744502509900829e-02
2.768416093950922668e-02
9.030021287192074864e-03
-1.696301605678665614e-02
-4.146302068817755981e-02
-5.231552545806245069e-02
-3.893931157415382593e-02
-3.178425315647327720e-02
-2.686289109901427927e-02
1.912311265658382664e-02
4.361715367456323565e-03
-1.986425406381217562e-02
-2.463319181318900097e-02
-3.220078091331388115e-02
-2.106144004936432931e-02
-2.298173259129020901e-02
-3.223109876375806343e-02
4.981474765480974239e-03
6.392293403357728575e-03
-2.285277369720474343e-03
-6.833383327343864853e-03
-1.198070808138192514e-02
1.086388690510263098e-03
-4.041664719984852487e-03
-3.337561517427691665e-02
3.786175665832561526e-04
2.009263541731310526e-02
2.401202112143658793e-02
1.517387640621017247e-02
1.155240607001209452e-02
1.251862412115260434e-02
9.572947018584238368e-03
-3.099607769930680726e-02
-4.064302748437101896e-03
2.002403889207367282e-02
3.628644564394917227e-02
1.789692093968182560e-02
1.683921689193533869e-02
1.677398199956047636e-02
1.267074143227194145e-02
-2.804506657522578064e-02
-1.084382074960839239e-03
3.484732827719692894e-02
4.693295005518827862e-02
9.976586569330585241e-03
1.094571625770428443e-02
6.190152169497531442e-03
2.313855211447776380e-02
-1.127635725020999583e-02
1.092171449408555579e-03
4.214384502008507172e-02
3.313593704551996005e-02
-7.424395550122904128e-03
-3.005623396188341918e-03
-5.747112127567314752e-03
3.337960776238369648e-02
1.246053661319120737e-02
1.023621525320084560e-02
4.806993178640991266e-02
3.187407925158493999e-02
-2.996268920216369532e-03
-6.993187151910697230e-03
-6.275257311833784719e-03
3.226378867531097538e-02
2.947526408571030099e-02
1.478239041265738511e-02
4.232864570795374232e-02
2.237151401739638154e-02
-1.911099466509729242e-02
-2.218585681762188025e-02
-6.178759204875206891e-03
2.535267625046668319e-02
3.783934490725902877e-02
1.312892945069234034e-02
3.305371937337337612e-02
1.197597088457056508e-02
-2.132972766052020769e-02
-2.173405642311459357e-02
-1.311657077356627812e-04
2.229818621302506743e-02
3.564018980071621129e-02
6.883247796732704440e-03
1.307056057852673536e-02
-7.104056398526503550e-03
-2.628403616881114235e-02
-2.524963294376418935e-02
-2.736684320865241139e-03
1.932282495925912585e-02
2.962366997901851387e-02
1.756326462697052615e-02
7.485424482850325245e-02
2.046250390647635364e-01
2.794988790038717141e-01
2.639902038166436204e-01
1.351724352190135370e-01
4.249224918117846389e-02
7.771108353600513982e-03
3.604541494408540318e-03
1.646104758743096447e-02
7.657680028337512934e-02
1.132904977652531286e-01
1.291366449282148887e-01
5.557341615963642262e-02
1.678925099691744999e-02
-1.226096553695946384e-03
-1.325852040525825858e-02
-1.121346073445730028e-02
1.856658523155469212e-02
4.106109371048551754e-02
6.526907090736643047e-02
1.708800047968514133e-02
-3.725906243278644375e-03
-1.080541293678391468e-02
-3.711037181603656088e-02
-3.968392054246758227e-02
-1.929856741432646808e-02
-9.649288543396807374e-03
1.419880212102906172e-02
-1.491375738985230986e-02
-2.109366291985746364e-02
-1.891373935269791834e-02
-7.015316183597958277e-02
-5.514220225990588281e-02
-3.209261563748638801e-02
-1.125855126942453509e-02
3.102673429313198075e-03
-3.413925145279696205e-02
-4.121916885968271438e-02
-3.767879549540036066e-02
-9.907578396175850677e-02
-6.352634209593653603e-02
-3.177969159502383456e-02
2.488503164226144732e-02
4.965213214551603138e-02
-9.657660821098196582e-03
-2.619742552943425326e-02
-4.420023064928375184e-02
-1.254883417747131580e-01
-6.898002925291299436e-02
-1.069620790531849303e-02
7.136325288978823123e-02
9.182457181960128334e-02
2.159048420144203933e-03
-2.374630886273299338e-02
-4.819780521276251922e-02
-1.454646487657880183e-01
-6.008817665721845336e-02
-9.386546497021124730e-03
9.676352558907821977e-02
1.506053717447573548e-01
2.399774979025886754e-02
-2.184387796663772238e-02
-4.589299532449299390e-02
-1.517187678082901336e-01
-6.478312112165886261e-02
2.312321840083113658e-02
1.696723225549177094e-01
2.078774963058573066e-01
2.935235341827893349e-02
-2.164109084475503847e-02
-4.844694989022113596e-02
-1.442074631661315887e-01
-4.898598810227047101e-02
5.969540442703503286e-02
2.099362149155085677e-01
2.456118542889396683e-01
4.619711064019811630e-02
-2.509633940716487696e-02
-6.005112482272109697e-02
-1.268005600959631329e-01
-3.768517347387964622e-02
6.041049272325210717e-02
2.243797132263820604e-01
2.548409822348739473e-01
6.075420924576803439e-02
-3.079766712791965483e-02
-7.549066502409866597e-02
-9.250119074230470084e-02
-1.820732645503120653e-02
6.536027135315161662e-02
2.104400797016999225e-01
2.185664598540930370e-01
3.743451027962259314e-02
-5.424978868960381867e-02
-7.634637784160157314e-02
-6.374240629300911842e-02
-2.667311985713826522e-02
5.630881253808643627e-02
1.806077682304039755e-01
2.075860912452140716e-01
6.452011937732982094e-02
-4.049296981552825969e-03
-3.006170009860001380e-02
-2.095073450071192195e-02
1.304563247198231232e-02
9.256061099804054060e-02
1.880366627149821501e-01
2.321324419041721487e-01
1.140349929207251783e-01
2.606492287267865582e-02
-4.111501084901568459e-03
-4.486939339981769852e-03
2.722037336618583075e-02
9.894870647358910976e-02
1.747935162317993119e-01
2.338858293618965856e-01
1.402512842935179638e-01
5.068303104838536161e-02
5.853964320424736786e-03
4.769553136679839482e-03
3.243583948451582433e-02
1.022190858980764339e-01
1.675086896143403448e-01
2.495750788788545504e-01
1.803145355272678940e-01
6.872603775127947290e-02
1.764486204405754308e-02
-1.089053814115730216e-04
-5.583842242580565546e-04
1.559427146653238547e-03
-2.471623340799568736e-03
-9.782999288837572471e-03
-4.639835857703072768e-03
-4.783777923863325593e-03
-4.171091233375029406e-03
-1.261388177305947274e-03
-3.552074100577700799e-03
-5.492416112354843276e-03
-9.714298504556392877e-03
-1.455498194997023945e-02
-6.247951505481696283e-03
-5.413653687750544924e-03
-5.339589860577810890e-03
-3.640198243849161221e-03
-7.190920567228050939e-03
-7.879523821785137591e-03
-1.373327592437800608e-02
-1.695970442907517375e-02
-1.166108066836758252e-02
-9.838558559433789943e-03
-9.918335243734997808e-03
-6.859621230400258542e-03
-1.343192760543325710e-02
-1.368361536921195928e-02
-1.987286843731516858e-02
-1.997180567831749465e-02
-1.076814367221519582e-02
-5.701435093692159423e-03
-8.678270606916791211e-03
-2.610325016879206858e-02
-2.913364028420351026e-02
-2.367164527089766698e-02
-3.027528323135772470e-02
-3.323106740343818866e-02
-2.223173385603009408e-02
-1.272782201786351423e-02
-1.608207317508028589e-02
-5.052875394922549945e-02
-3.410146543163904836e-02
-2.825860716969913131e-02
-4.376905249806102571e-02
-4.105290788278365133e-02
-2.525106683027714127e-02
-1.768610432221806930e-02
-2.398711701828314113e-02
-6.506687827356069653e-02
-3.748584715709943338e-02
-3.406607907045812456e-02
-4.543966122596796581e-02
-4.063506615620123691e-02
-1.453619306076697933e-02
-1.290944998537298452e-02
-2.959529989787882884e-02
-7.735483086151477561e-02
-4.954064540476055961e-02
-4.525310052979215902e-02
-6.467640291256077090e-02
-4.485774957667222618e-02
-1.423810476989904872e-02
-1.387468782401992187e-02
-2.966502587477132594e-02
-7.778084720101929861e-02
-5.904355394595976747e-02
-5.500128862902494559e-02
-6.049189663889852075e-02
-3.036938148344732816e-02
-1.256026376705358244e-02
-2.152211345847498611e-02
-3.318613905003116316e-02
-6.704501307673815802e-02
-6.525535751169884990e-02
-5.562948706941236998e-02
-5.148571796379988741e-02
-3.749733331089531024e-02
-2.619173497305307338e-02
-3.449417741020416317e-02
-4.212515959788796366e-02
-4.360798635207450286e-02
-4.323704243286385224e-02
-4.407857988958729240e-02
-5.001686625164878525e-02
-3.640633524755131772e-02
-2.389412457682977067e-02
-2.644203470110184986e-02
-3.708540355244616116e-02
-2.782999336480695279e-02
-2.617673177882722663e-02
-2.629463212967652133e-02
-3.679400467708091038e-02
-2.630949075679816368e-02
-6.906797405324831968e-03
-9.182273148330432483e-03
-2.187962910537166045e-02
-1.714057680981566356e-02
-9.185046333152802750e-03
-1.099784114031507505e-02
-2.256612733133907950e-02
-1.929152032126781741e-02
2.338992505740697175e-04
-1.176152616581534497e-03
-4.140466567403237007e-03
-1.233241747373696982e-02
-5.207551015875712570e-03
-7.087172455060353204e-03
-1.564566451584696594e-02
-1.933387984673468410e-02
1.869463358072968873e-03
4.694626240034090181e-03
2.152907997062711385e-03
-6.840630947962294921e-03
7.052450022596762661e-05
1.472283841202658974e-03
-4.125050003723145821e-03
-1.063778858490251750e-02
7.181677095381158726e-03
8.843200985143618437e-03
2.978201878272727313e-03
-4.495473212844111957e-03
-1.816509998208713826e-03
3.404471056049070826e-03
6.578499598265365005e-03
1.051168853242017949e-03
9.450556186311033155e-03
5.516574744816989985e-03
-2.901810523279174767e-04
2.380931777780762038e-02
1.601170803901960996e-02
-1.618745562311757697e-03
-1.813676755436250537e-02
-1.659618238294424675e-02
-6.481096053372822213e-03
-3.057526007093755351e-03
-3.033426873307081689e-03
3.212701196039095125e-02
1.772079023121876651e-02
5.659098597675172638e-05
-1.492623816097588853e-02
-1.331093575991551363e-02
-4.328652087560897442e-03
-1.571972253273152056e-03
-1.868819306515069265e-03
4.608452182037418854e-02
2.546365161734214302e-02
4.338481144318215299e-03
-1.443391377949280671e-02
-1.358618100833152396e-02
-3.772594443740626049e-03
-2.304752117238405371e-03
-2.721875407173236869e-03
5.347749582635086957e-02
2.693874719955397998e-02
-2.553082707596295280e-03
-2.045125190567093423e-02
-7.963674988731087034e-03
7.024197541026420098e-03
-1.709676135652080098e-03
-6.714914965402075768e-03
5.511203136720987245e-02
1.864165751548040734e-02
-7.874438437932900978e-03
-1.748375227704650897e-02
1.007680639527554992e-03
7.676226178322659993e-03
-3.515894487932505041e-03
-5.453141066556902242e-03
4.824182752164626192e-02
1.736946261772374933e-02
5.521771459047670506e-03
-5.083912178771314919e-03
1.052616703035185591e-02
1.353627952451678593e-02
5.392989850994542138e-03
-2.059105188253241864e-03
3.943837893828745778e-02
2.748877828916055505e-02
2.349103826835450756e-02
1.253035184728395687e-02
2.579237181421582467e-02
2.793999565682259503e-02
1.402125065564849629e-02
-6.282846479930129843e-04
3.326621529409764383e-02
4.507048872399542494e-02
4.327908165133920182e-02
1.855296643944863086e-02
2.511591120930158766e-02
2.321844749779035030e-02
1.267483716541538408e-02
-2.379384519874700593e-03
3.362141557866731717e-02
6.618561710162933209e-02
6.055160911991418898e-02
2.991122191765950566e-02
2.669727062139190185e-02
2.183633002318063898e-02
7.815068273984119782e-03
-7.865117669493860986e-03
3.679607086599616383e-02
7.107539905438881034e-02
6.023571736683702021e-02
2.744192724688986063e-02
2.148504239945474292e-02
1.802605791136792715e-02
5.286394022917506250e-03
-1.002529338274486988e-02
4.168613719847550497e-02
6.830806789322740880e-02
5.961405784539916541e-02
2.795898812173418235e-02
2.453921833892717952e-02
2.283861815728438494e-02
8.491991562461168735e-03
-5.655286862638430993e-03
4.020441365244185883e-02
5.928493586594403564e-02
5.258204900203784088e-02
2.660856561706568049e-02
2.608125809570870784e-02
2.831685582138914956e-02
1.777830153212570444e-02
2.782664176671421213e-03
4.420045203299759889e-02
4.815751455119676727e-02
3.483690272816314382e-02
1.497409132482691030e-02
2.152142458411332102e-02
3.371010718094120950e-02
3.396839031069155690e-02
2.038778330192545646e-02
3.949906678140815974e-02
4.237431992430446687e-02
2.207904846847755578e-02
-3.028207121725547384e-03
5.463864527526509154e-03
2.418096148230565456e-02
3.235126922689147283e-02
2.554550187735963457e-02
3.353289576387824544e-02
2.953437135795246998e-02
1.174681489293899830e-02
-9.093902457856574764e-03
-3.370662841035650375e-03
1.359094320113867285e-02
2.842073438739218388e-02
2.524631033656098492e-02
2.136018422648108470e-02
2.392515409312769362e-02
6.726270367951180280e-03
-1.150551831308956226e-02
-1.421433890150427919e-02
-2.347727594435171199e-03
1.574779705659693288e-02
2.151626105334992350e-02
-1.945310916065812407e-03
6.910534111806542618e-03
5.570966773008728667e-02
1.008968674810416938e-01
7.346480105490538204e-02
2.431238830429787584e-02
2.575934771353505584e-03
-9.254079033142780311e-03
-1.102969296802926158e-02
6.426104115913829941e-04
5.449712528605762940e-02
1.148432254054832791e-01
9.195674049137560202e-02
1.421054858855036115e-02
-1.124231298068290030e-02
-2.221945216022419220e-02
-3.406144729169964525e-02
-1.672750768609226196e-02
2.583909157477027804e-02
9.710749159034484657e-02
8.592390206177681622e-02
-2.087234401067045511e-02
-4.679353637116692027e-02
-5.521029504534170906e-02
-5.577127435079021200e-02
-3.070969426948039899e-02
-2.379868123697339438e-02
7.444130381240575411e-02
5.061419018559429328e-02
-9.038711798755635907e-02
-1.055824751217648988e-01
-1.236004609013646310e-01
-1.014386686671129162e-01
-1.008969792574761909e-01
-1.381769104396082248e-01
-2.241813962054368253e-02
-5.416811596881479507e-02
-2.008086174900965137e-01
-1.684769386679937642e-01
-1.986162529792748488e-01
-1.871863420583573245e-01
-1.877908527074423628e-01
-1.426487523756915787e-01
2.588771214580301919e-02
1.425871545378489674e-02
-1.747175122165606775e-01
-1.669492618767360048e-01
-2.232272101643463513e-01
-2.761157294600667389e-01
-1.918860384042108125e-01
-1.045221176524307599e-01
4.939598802618473672e-02
4.869111797720005602e-02
-1.561841736238779588e-01
-1.878152152008304709e-01
-2.395083074466177464e-01
-2.971954802042031107e-01
-1.518697645465278412e-01
-1.003723098954408949e-01
6.984661304532020776e-02
6.161476151446278887e-02
-1.223318788752754960e-01
-1.749650240450090211e-01
-2.144844036589743652e-01
-3.332327536681777280e-01
-1.714327174199372639e-01
-1.113345893267293080e-01
7.825130822333901948e-02
6.825542464940748122e-02
-1.038022374835853023e-01
-1.893462563531997933e-01
-2.194556051287295251e-01
-3.244628027270819448e-01
-1.042957001480001866e-01
-4.749697624688073438e-02
1.063372406601224979e-01
9.657818605940581003e-02
-8.633739276758299608e-02
-2.253769155855537554e-01
-2.050664110465107992e-01
-3.021086244082152872e-01
-1.011164987282020811e-01
-7.138660022101767089e-02
7.510184894683935575e-02
5.599696980398316537e-02
-1.231378132353542210e-01
-2.452153754500147886e-01
-1.666449965056013838e-01
-2.541623291440839871e-01
-1.402998127636013170e-01
-9.220964524292558917e-02
2.208890972271401743e-02
-1.896417021030582508e-03
-1.331273645065441935e-01
-1.961271922216045738e-01
-1.221994142996803007e-01
-1.317791049038389284e-01
-7.597136537225189501e-02
-3.306959474068203036e-02
2.493260682378913712e-02
2.505247793110831206e-02
-7.525581134402675731e-02
-1.143272913802105550e-01
-7.493275789926479025e-02
-5.946047133912767124e-02
-5.496235065199832348e-02
-1.929521112966689619e-03
6.092421390422403382e-02
8.297580109621852107e-02
-4.838701732579942828e-03
-5.129865795479311014e-02
-3.008237643184403717e-02
-6.716532837038537325e-03
-4.016204767016267989e-03
4.054840347895469210e-02
9.244121273050048826e-02
1.164406602645740585e-01
1.645532355659511808e-02
-2.188735189333516906e-02
-1.272771483089666505e-02
-2.128192514611838490e-03
4.290664744108302342e-03
3.803218179203490118e-02
7.713784647263927097e-02
1.370256080761723116e-01
6.637304032476107341e-02
1.738114140286792578e-02
-1.268454563250504636e-03
-9.654988377655134360e-03
-9.547564251786821998e-03
-2.411472155960605115e-02
-3.413833921322752263e-02
-5.480073053634543917e-02
-4.676165299416720766e-02
-4.617343088292977932e-02
-3.393379686847982496e-02
-1.605317234053287370e-02
-1.573413259214861276e-02
-3.416449705375013135e-02
-3.298195756239258314e-02
-5.255095577830407039e-02
-3.901428787488088468e-02
-4.093522429218093839e-02
-3.903229840285026703e-02
-2.314342330846113141e-02
-1.971700043414284856e-02
-3.641928748394275550e-02
-3.184113812108910896e-02
-6.470224123384078763e-02
-4.726792444028472817e-02
-4.146089749878338615e-02
-3.839667255558365522e-02
-2.665049666312494306e-02
-2.154890475963690266e-02
-3.804226775124317644e-02
-4.802195534023825235e-02
-7.215763288651952378e-02
-3.758216594394323679e-02
-2.898099988818371442e-02
-3.239608660402683304e-02
-9.988490703614778463e-03
-2.089238568037694865e-02
-5.585419487377252246e-02
-6.931793508618137867e-02
-5.663135938006114839e-02
-1.661081663779014062e-02
-4.702473877274794892e-03
-1.224564629938748248e-02
3.271891234720249869e-02
-1.201422372904266747e-02
1.180872009511966430e-03
1.550752471324655900e-02
3.308400354498594945e-03
3.594309728070665261e-02
3.842085728419489254e-02
2.048023416531219443e-02
8.500293368215079692e-02
3.568271903771543657e-02
8.442885404864111654e-02
8.587243464717582431e-02
7.131619916195543196e-02
1.018788324075965007e-01
8.299806802068651623e-02
7.286996688471715500e-02
7.404137868336660433e-02
6.556240708195350264e-02
6.212791406458029880e-02
9.755956405205205850e-02
1.042579331566055451e-01
6.743375753385282001e-02
5.594818099860447702e-02
1.187213122032331758e-01
6.880982386178924326e-02
7.447396201259776083e-02
2.264963897868879986e-02
8.986462402759924639e-02
8.341121481460447851e-02
1.365484038897667347e-02
1.923796213010022307e-02
1.428419816284055566e-01
4.677188400169102894e-02
3.227089695877648212e-02
-1.827322581781265498e-02
3.123472140229012484e-02
2.604448887029241211e-02
-3.413077747252714345e-02
-2.955868187658212617e-02
1.267090684634754327e-01
-3.066399716895385104e-03
-3.422359388095320976e-02
-4.985894888267818070e-02
-2.768425183141304605e-02
-4.201584756765364831e-02
-6.789117259339026711e-02
-4.428550831708171626e-02
6.528404706394151658e-02
-4.826358016887042496e-02
-5.357100327098859166e-02
-5.932337348758941198e-02
-6.688848188302076725e-02
-6.857841498254325929e-02
-6.985862506494802671e-02
-4.091237733434992946e-02
5.910698175064620606e-03
-6.838784987867523035e-02
-4.830144460908965959e-02
-3.881463777629477752e-02
-4.753997637573401103e-02
-5.291146895123995803e-02
-4.881851190860087703e-02
-3.225192736114449593e-02
-1.730473633253307858e-02
-6.696639408965070206e-02
-5.125599026090819216e-02
-3.006642968623240639e-02
-3.908356922016664736e-02
-4.878357525618144674e-02
-3.030627263371547114e-02
-2.006594908973837951e-02
-1.616136439210309056e-02
-4.883336708127561376e-02
-4.371136582040916624e-02
-3.090500382121208478e-02
-4.117476356890379524e-02
-4.172286930930647203e-02
-2.029785626384188885e-02
-1.437277332667905895e-02
-1.125651313997921149e-02
-2.791816411616896559e-02
-4.242029060374213900e-02
-4.172085256803297754e-02
-4.039205865010764285e-02
-3.830701991279249208e-02
-2.368385943175321459e-02
-1.512050097796897169e-02
-9.639713343706302409e-03
-4.236361580734338689e-02
-8.247283952478738633e-02
-1.454818087920535241e-01
-1.699381936561374096e-01
-1.811014863109483841e-01
-1.732228566696985550e-01
-9.168126460388201227e-02
-4.519988376526449386e-02
-7.078555460448833492e-02
-1.053329042869297488e-01
-1.524569155941980225e-01
-1.313952774075904384e-01
-1.493663812735498420e-01
-1.676358834606313797e-01
-8.676087541434447659e-02
-6.450368553159267770e-02
-9.674578051266709278e-02
-1.664946131420855513e-01
-1.674594599307759613e-01
-8.829069676247154608e-02
-1.111146876330147415e-01
-1.294426749414978872e-01
-8.299184244010233968e-02
-8.243395760529889649e-02
-1.500783018508816125e-01
-2.143720246037028043e-01
-1.744194139938301802e-01
-1.163469876848002432e-01
-1.526295898504674564e-01
-1.698241686908753822e-01
-1.203239139295209648e-01
-1.041683662046536535e-01
-1.581200759885966756e-01
-2.201268593914850469e-01
-1.624968090643399421e-01
-4.362893743561041537e-02
-6.437482781228642814e-02
-1.270446761219599652e-01
-1.201576458250526169e-01
-1.347020097680979855e-01
-1.519999315620037539e-01
-2.487543292914049520e-01
-1.539119505956565437e-01
-6.783186459091004872e-02
-7.414497115841475749e-02
-1.038522400365433362e-01
-1.777353889117270214e-01
-1.576490067938982886e-01
-1.294284603120616772e-01
-2.041532831042119911e-01
-3.546320815074369137e-02
-5.407766264380687443e-02
-1.000886398993288545e-01
-2.140566330905945558e-01
-1.533994266528012906e-01
-1.093776744777028576e-01
-1.019694493525688250e-01
-5.186079507882104117e-02
4.002600857981205434e-02
-1.665001812357283784e-01
-2.628156251084713402e-01
-2.953296455206503301e-01
-8.181002411347138015e-02
-4.964544919329731687e-02
-9.455373771269957872e-02
6.046718899994892385e-03
-6.384756170634779682e-02
-3.169088765092289428e-01
-3.888894623819000307e-01
-2.783502645040068502e-01
-1.102482003743784078e-01
-3.962324887752592673e-02
-8.909894828711277526e-02
-7.226545010620599729e-02
-2.033338527238091054e-01
-3.473026383646199977e-01
-3.218760069762230391e-01
-1.645733375008490706e-01
-1.571934873672436728e-01
-6.017938328968638201e-02
-9.700064491023414892e-02
-2.198982262674104571e-01
-3.243020147566903488e-01
-3.121630514274646440e-01
-2.592869702589893355e-01
-2.068018397892924243e-01
-2.352352911801708080e-01
-9.298643515977089713e-02
3.650589295852128477e-03
-1.994028434559913798e-01
-3.283267925466182846e-01
-2.392351573568029244e-01
-1.821728595476002632e-01
-1.336943516877991123e-01
-1.596093296339604617e-01
-4.249442660799608584e-02
-8.552966582054365163e-03
-1.732739268846730796e-01
-2.767762317756263801e-01
-1.887935149661866541e-01
-1.549559655697781146e-01
-1.532459571670246601e-01
-1.930005844926445113e-01
-1.150083429861154388e-01
-3.669646009670501918e-02
-1.581185035809652140e-01
-2.178353419784108125e-01
-1.508273435657608019e-01
-1.319465811740803685e-01
-1.388284951819144242e-01
-1.448197298786431941e-01
-9.364724780087967104e-02
-4.640496188554468771e-02
-1.480886441617149663e-01
-1.820780825471897124e-01
-1.313262708326246309e-01
-1.523721206003091633e-01
-1.736765496270399334e-01
-1.412782250958294905e-01
-7.643122269276825254e-02
-4.080770858088889758e-02
-1.245800363401484839e-01
-2.066512106164380413e-01
-2.071910417674021343e-01
-2.203513396952485603e-01
-1.911914252128752434e-01
-1.137814781664243241e-01
-4.000044836792068098e-02
2.735927803367174411e-03
5.057834879085914941e-03
4.900894307046407654e-03
8.403137669778291616e-03
1.523536824432923436e-03
-1.307021790618571010e-02
-2.741282904281172779e-03
-8.101547000981248678e-04
4.793566060774155646e-03
1.551582808928557954e-02
3.979544530630675647e-02
5.099934145183393497e-02
4.563501012447211680e-02
2.586715716441125371e-02
1.825929688775465576e-02
6.535659545455333765e-03
2.350621523280737452e-02
6.034552535983070398e-02
9.536691628180243852e-02
1.140619263717774917e-01
1.201703624008409049e-01
1.070307816966589026e-01
7.076525804687561205e-02
3.700963378660515612e-02
6.084842982000530226e-02
1.261190120804337178e-01
1.668833717832368113e-01
1.693858949304594963e-01
1.800153198359627227e-01
1.734832379113997458e-01
1.481826613915823709e-01
1.058483340910180148e-01
1.249614317788219076e-01
2.153274310041141393e-01
2.336253187238908624e-01
2.077068890439192905e-01
1.949434565558721411e-01
2.056968959609152825e-01
2.229336008575787675e-01
2.360764477917666748e-01
2.160360441064115289e-01
2.603528984670683832e-01
1.854921729601882452e-01
1.236676219648839975e-01
8.563137241019234958e-02
1.231277720347332960e-01
2.043665242132483850e-01
3.643843306699820483e-01
3.226729325286339378e-01
2.251406620001762948e-01
7.726896570857215429e-02
2.157866187032265667e-02
-1.561028408081984245e-02
2.098395264206454405e-02
1.289379296086125004e-01
4.598261594223111981e-01
4.111453980266799313e-01
1.171810384380231884e-01
-5.637514747347510853e-03
-3.593653998697707991e-02
-3.415541259398578028e-02
-8.316633781462265049e-03
4.615989201235332767e-02
4.925222292516860945e-01
4.545158805948404379e-01
5.280339503517948729e-02
-2.336085046398451992e-02
-4.225613320475463119e-02
-1.907519317278172366e-02
-3.733047922032283177e-03
6.619907685363823902e-02
4.914680693169898307e-01
4.637651585907199281e-01
3.946111677752967700e-02
-2.903787006632350953e-02
-3.026402756945515207e-02
1.166608945923369549e-03
4.355764008795477704e-02
1.666927757337073879e-01
4.344500386667672909e-01
4.428450617133802281e-01
9.765405907638155525e-02
2.284404802489104977e-02
2.561105339028242611e-02
6.998393703738488292e-02
1.541709830388044433e-01
2.590129388658166665e-01
3.128427220476237558e-01
3.552851085723836011e-01
1.617621156306421892e-01
1.081986475407013260e-01
1.299648798054730547e-01
1.806801976404168730e-01
2.367449515969812235e-01
2.430275119399746553e-01
1.626126408455172423e-01
2.250728356962394539e-01
1.680504080502880637e-01
1.431114787984519299e-01
1.596031083960851027e-01
1.860945475202828991e-01
1.869026126901430218e-01
1.482822365518264573e-01
6.211072543226237724e-02
1.067241073651291339e-01
1.106468268560797802e-01
1.089410160662656474e-01
1.247085552877835873e-01
1.231499714129173639e-01
1.069473199673643404e-01
6.515415455382862764e-02
1.259071526063367322e-02
3.507673056478695373e-02
4.619958839155381691e-02
3.958507272183687392e-02
5.574091154131761289e-02
6.347654817916092984e-02
5.498697384949251254e-02
2.022909579735993058e-02
2.182609680794981980e-04
5.483313231458944101e-03
2.126344376467736996e-02
2.237411488352888597e-02
3.557877981498486913e-02
3.164776466523844256e-02
1.456541606441474380e-02
8.201603504729802622e-05
-5.203732482594374160e-03
6.442650593355257575e-03
3.535922236811681746e-02
7.413132840741483431e-02
7.612930594750486057e-02
9.014075440306143494e-02
1.023645774797038582e-01
5.331371421079943163e-02
7.949627431581571604e-03
2.526508994026440899e-02
5.030002749814794366e-02
7.432044493391112838e-02
2.814336195835254878e-02
2.519537016451727299e-02
7.561078172249452445e-02
8.430201821102085991e-02
3.073519309652075759e-02
3.793072667139302939e-02
5.329395114782203846e-02
6.628475509662488940e-02
4.186573893276156894e-03
1.576101436758003786e-03
3.777198959811771395e-02
8.163659915066580341e-02
5.238427515738856149e-02
3.402936585372369482e-02
5.080208915879126652e-02
5.496267809454772474e-02
-2.001467758149971105e-02
-2.293593246946092068e-02
9.865502077143336809e-03
6.488199296677184258e-02
5.703797542183490499e-02
1.032804183796718310e-02
3.494741888907802047e-02
4.325013114415260373e-02
-3.432160932448934110e-02
-3.567155611977206042e-02
8.906810423861719409e-03
5.271740761180357393e-02
5.044983543288587141e-02
-1.552866494009622934e-02
3.495915488305563479e-02
5.008518379293380729e-02
-3.967621994031543010e-03
-6.695794688462746586e-03
3.571404315914976368e-02
4.147149289211415207e-02
3.406818686061367091e-02
-1.733768754824572406e-02
4.871337425600633791e-02
6.209983884901688206e-02
1.854335193892358777e-02
-3.192594885814888442e-03
4.119265143740027252e-02
2.450945913277850080e-02
3.897543942937842665e-03
-2.730455913399576148e-02
4.256044484522910482e-02
6.586685990166050997e-02
2.351184624762492001e-02
-5.920805730890748436e-03
2.063286463406736534e-02
1.814103124290951732e-03
-2.367357025172170046e-02
-2.936372013729742284e-02
4.527653709720810826e-02
5.835811902429002135e-02
1.328304582856863585e-02
-2.600939260136426665e-02
-9.163945733983741571e-03
-2.476653090974868798e-02
-4.712973554265452447e-02
-3.295548445797353426e-02
4.436589368996227828e-02
6.188588966714109879e-02
1.067085912951146361e-02
-3.328309280086894084e-02
-2.559408601682829770e-02
-3.565295847045932970e-02
-5.169304034370929279e-02
-2.365020663760220368e-02
3.307869162203783131e-02
4.635081666060836270e-02
-1.100170457648836676e-02
-5.796770788308445999e-02
-3.632206429766353384e-02
-4.862267426607799065e-02
-5.390365677117729681e-02
-9.831445378553221176e-03
3.340841413993882875e-02
4.954898479962561997e-02
-1.646541530502624445e-02
-6.758692620350569003e-02
-4.885538407741195355e-02
-5.961630693357308775e-02
-4.931438639460213047e-02
-2.858097065535888329e-03
1.645038136736809778e-02
2.572802849808253356e-02
-3.015848919332949490e-02
-5.154410269963100727e-02
-3.764326815832654688e-02
-4.386948071736691129e-02
-2.684327786050891285e-02
1.870435477526285334e-02
3.102574177667928937e-02
3.236610666176306661e-02
-2.078369972340420382e-02
-3.645858103949884549e-02
-3.114773581537642194e-02
-3.239375757215173790e-02
-1.966754673075822232e-02
2.273071631838054218e-02
2.518826163117352662e-02
3.362174062247397927e-02
-1.261334859378853215e-02
-3.699883578667117340e-02
-1.564493370240745487e-02
-2.755529894326089538e-02
-1.599064592975155824e-02
1.911877340862513583e-02
1.963212185438056520e-02
3.634415915618131182e-02
1.088037649783626893e-03
-3.516233069484168972e-02
-2.132590564396063398e-02
-2.462566040946893506e-02
-9.491697905741535921e-03
-6.981342723812716984e-03
-7.458107132416106136e-03
-1.515014371570875228e-02
-3.830257611979200061e-02
-4.257014028248866377e-02
-4.972502313561867615e-02
-3.866980109752589378e-02
-1.748702235347509432e-02
-1.243785645777262076e-02
-1.115297685169044234e-02
-1.842353979591138807e-02
-3.540401850667562744e-02
-3.778143160926694666e-02
-4.933395929302071548e-02
-5.513829869324059912e-02
-4.016450280407334039e-02
-1.254447376990665448e-02
-2.553697853738577661e-02
-6.344643607917652139e-02
-8.098581902458959481e-02
-5.696287125630033338e-02
-5.841422292838203273e-02
-6.614402795172109883e-02
-7.033208677387037255e-02
-3.086944124602633219e-02
-5.788919581768892098e-02
-9.593559312936650318e-02
-1.189900236785414178e-01
-9.764934335633816687e-02
-1.123435780496554875e-01
-1.123346835111188602e-01
-9.194166803169490088e-02
-4.783323605383031640e-02
-7.486081293668057912e-02
-9.386674402680854346e-02
-9.631389099049232627e-02
-7.823237531611011708e-02
-9.385347861846271567e-02
-1.000197679904448467e-01
-1.038253285659419684e-01
-8.051766491424104666e-02
-9.905586593463006073e-02
-1.016056603769616845e-01
-8.589301845390737156e-02
-1.006622099303629697e-01
-8.963405283415477875e-02
-8.120292796786350575e-02
-1.048541629438105166e-01
-1.178276088307036035e-01
-1.105279235281957928e-01
-1.184506057484736308e-01
-1.227010500725956438e-01
-1.232082004579712481e-01
-7.473046631678836871e-02
-6.601115285413790279e-02
-9.310729738176232173e-02
-1.463702096692964250e-01
-1.191781626240097092e-01
-1.387388672749516605e-01
-1.277172102615058424e-01
-8.544614960648430624e-02
-4.984705815292400644e-02
-4.218375259875708355e-02
-7.805633796217671672e-02
-1.776863559265781101e-01
-1.412889182364013840e-01
-1.424886792306580829e-01
-1.141287556400233105e-01
-5.265796883185471650e-02
-3.728359571848369192e-02
-3.185226441593241864e-02
-7.998455184420223685e-02
-1.955064607920008468e-01
-1.371336059709551414e-01
-1.166822152426004733e-01
-8.074754906868891746e-02
-2.835768423238141725e-02
-1.778693979847989146e-02
-2.111229415394764303e-02
-7.906640670445748420e-02
-2.057833716437155180e-01
-1.317509256811437990e-01
-8.191221027492462392e-02
-8.795171773738492960e-02
-3.652906209648833918e-02
-2.056402577647260810e-02
-2.734476365776442736e-02
-7.924215550514970841e-02
-1.909903152833672402e-01
-1.479803635161032194e-01
-1.100876312752816777e-01
-1.166437046105297526e-01
-7.002085634170328310e-02
-4.225875542999800449e-02
-4.984176624278481571e-02
-8.895309777826201914e-02
-1.427542581874274019e-01
-1.330931830519962999e-01
-1.504682716938776643e-01
-1.474371191296766914e-01
-9.222098930186256593e-02
-6.221603694423269437e-02
-8.719835757492640227e-02
-7.187024147961980358e-02
-9.597800160715365403e-02
-7.392647418324001241e-02
-1.103172034293288112e-01
-1.293177156399283600e-01
-9.659288385904447882e-02
-8.065705733513338360e-02
-6.737873627799891019e-02
-3.252953430703110077e-02
-5.837908862410760846e-02
-5.939764512671386748e-02
-7.890043149478430384e-02
-7.923217072194839450e-02
-2.847752418103330699e-02
-1.772309928072136540e-02
-9.288955007471044398e-03
-7.907254213488970271e-03
-2.732930233059192165e-02
-3.977603497801882743e-02
-5.052151814546994302e-02
-5.929464526067008967e-02
-2.072212986026741519e-02
-5.703685181345211422e-03
1.737917015965147888e-03
-4.638850164072809944e-03
2.383538492919195628e-03
-1.556578677003305454e-02
-3.463109931959340582e-02
-7.788038948692291123e-03
8.708724377856112003e-03
1.835808046126517767e-02
2.918035364941540949e-02
3.217412729491348627e-02
5.060483859041799669e-03
-1.043575857981517661e-02
-3.497019577087415176e-02
-9.213832484931719705e-03
8.243131320889976812e-03
1.074338376758901537e-02
3.364493678905511754e-03
1.502982516599090691e-02
1.559706934206173991e-02
-5.178505439653211320e-03
-4.020547115943196026e-02
-2.680991866721150335e-02
-1.461421136657286950e-02
-1.027599227792537658e-02
-2.148235541812342896e-03
2.838885482583393752e-02
4.182000704738575436e-02
2.498486201027192918e-02
-1.686400482271590423e-02
-4.697836576438903060e-03
1.317288488365763767e-02
1.668119884801060396e-02
5.804480889556102273e-03
3.504933349513111168e-02
9.419628651565535582e-02
4.524407305144652336e-02
8.886566145092821695e-03
2.949793718428628600e-02
4.326118186258796211e-02
4.724764791395181379e-02
2.244736274622717229e-02
3.452413300144034636e-02
1.263798253332813759e-01
6.848223188146761176e-02
3.984656072803718918e-02
2.994251099504205080e-02
2.694012049493149305e-02
7.627817738256297518e-03
-2.152193815651019804e-02
-7.908879932699584836e-03
1.291956386957805736e-01
7.222750441155294243e-02
3.678763113339102858e-02
1.449011990716181234e-03
-1.086500061883173031e-02
-3.178132370915517230e-02
-7.628158651729149975e-02
-5.154095753266552116e-02
1.046232411553725122e-01
8.588934373083710605e-02
4.781008400746419168e-02
-1.653590140332731467e-02
-3.456282013946703618e-02
-6.062672099463777692e-02
-8.117021802218610249e-02
-6.669131803119186797e-02
9.561900828831387811e-02
1.369369839066700567e-01
9.253069574189284885e-02
-1.170629350811956335e-02
-4.026525980474315175e-02
-5.325362644528078282e-02
-5.960689659535348822e-02
-6.984468136699496787e-02
7.705358554600341692e-02
1.387670288683473252e-01
8.760794306239295948e-02
-1.074703013830996534e-02
-4.047113109853932300e-02
-5.456112045932916960e-02
-5.297077164268447491e-02
-7.492027898534960040e-02
7.595292615238037615e-02
1.252326359199268102e-01
6.963598249145254437e-02
-4.905265112262041476e-03
-2.583163701394072809e-02
-3.824260147834793178e-02
-4.536199409990960413e-02
-7.676766740058015015e-02
5.858978507920870049e-02
9.977761584610775336e-02
5.790115389469080442e-02
2.542434405565863111e-03
-3.089576735298506585e-02
-3.627737946934663643e-02
-3.928332083852183881e-02
-8.169986464783918212e-02
4.161976351643597444e-02
5.660745958187244492e-02
1.854387542961390481e-02
-1.169091496772382138e-02
-3.987988901470324032e-02
-5.357680748400000387e-02
-5.240505661503437607e-02
-8.182055390774697901e-02
1.131870239050356865e-02
7.287153928814171615e-03
-3.326655825105439678e-03
-1.294352032867132456e-02
-3.890845625955634962e-02
-4.693093326164174406e-02
-5.330489909922034308e-02
-6.451441463171056490e-02
9.319074622111128345e-03
-6.250467001307346594e-03
-2.384772019437516113e-02
-3.570846092723768683e-02
-6.067543975241654342e-02
-6.521198952778506364e-02
-6.205057359346914658e-02
-3.751396785710447990e-02
3.116291536118269336e-03
-4.931838481873459558e-03
-2.772809560539880522e-02
-4.474850071329725815e-02
-6.275131248953462471e-02
-6.373238426301902626e-02
-4.125177562696383249e-02
-1.404354820003009090e-02
-3.878832190426325342e-03
1.426635034411980743e-03
-2.396170174014932656e-03
-1.988014200377402271e-02
-1.678186208525106628e-05
1.174676234842627134e-02
6.800919372013149340e-03
2.823803118809282888e-03
-4.760210426767864066e-03
2.728088043083220192e-04
4.688016536753073990e-03
-1.433802621527462649e-02
-3.813236764396966526e-03
6.967957380903354314e-03
4.267696738680014043e-04
-3.628793688717175687e-03
-4.681921013926317043e-03
1.180573778884022249e-02
2.295423607956359469e-02
-2.261497544249368649e-02
-1.909481178777018909e-02
-1.677498799601108079e-02
-2.398872655091210254e-02
-2.189572458425737694e-02
3.982195014941279990e-03
1.678260629677122071e-02
4.790760881336760327e-03
-5.532920615527762292e-02
-1.662130094593920054e-02
3.625897720899559553e-04
-1.967655001121967548e-02
-3.738662765808278138e-02
8.825764795441051400e-03
-4.071646364104410630e-03
-3.640703889946047406e-02
-7.100070294839604113e-02
-3.561023763956166349e-02
-2.159662024078381343e-02
-4.305727930451633961e-02
-5.713806986221237755e-02
-3.166210247777082737e-02
-4.779305712854751281e-02
-3.484012712799162276e-02
-6.509258922961397298e-02
-5.263023413536783990e-02
-2.736210642129417378e-02
-3.685504253250116574e-02
-7.183952995281764342e-02
-8.648913171221872531e-02
-4.565633340008044827e-02
1.856293874052404591e-02
-3.001595786360498203e-02
-1.989934429384118686e-02
-1.501960689374224993e-02
-2.918815795547464662e-02
-7.477723866514161821e-02
-1.542254168829713667e-01
-4.368069157864556962e-02
3.471919075522819642e-02
1.492563681553258845e-02
1.148715449170283238e-02
8.612627550268604423e-03
-1.276145587449349812e-02
-6.394026558125054382e-02
-1.929890162372460971e-01
-5.940381614485958778e-02
-1.662635612081865555e-02
-2.141952715344721744e-02
3.086904896077402594e-02
5.182307077802785628e-02
3.671168255614813691e-02
-1.253207579238236821e-02
-1.976423537555005716e-01
-7.752250058750001505e-02
-4.889770068196312020e-02
-5.727837788952566678e-02
-9.697554449283843359e-03
3.040043006680293036e-02
3.668370010202234160e-02
2.692190094824396460e-02
-1.782156362647392689e-01
-7.897152334904423976e-02
-4.549308547200731079e-02
-7.094279567592180757e-02
-3.917560742184402617e-02
7.377585513425209338e-03
1.850107783656210203e-02
3.981051900807009575e-02
-1.272197528386165011e-01
-8.388331117054613484e-02
-4.045024895203419568e-02
-5.350353296856027313e-02
-3.185984583121836966e-02
4.081628084596253953e-03
8.598755059977890303e-03
2.599584543829818947e-02
-4.901102321211230073e-02
-4.412138681774906146e-02
-8.951704360323262111e-03
-3.881537764507873856e-02
-5.435072824960480997e-02
-1.194230658073455395e-02
1.087339860923733879e-02
2.649439516187405974e-02
-1.392869047729189229e-02
-2.182043787872173929e-02
-6.889874206743748682e-03
-3.587413110882179540e-02
-4.651564458685532311e-02
1.815805019508872492e-02
2.085079679000136771e-02
9.929337937815222934e-03
2.514241215057921083e-03
4.949845370470828086e-03
1.307418714910252603e-03
-1.779298619892473107e-02
-2.654960571469999753e-02
1.625156032445842363e-02
1.000559467794383782e-02
5.413863845506905470e-03
1.313020731320966618e-02
1.754582218265376969e-02
1.445149736195571952e-02
-4.456717677126633206e-03
-2.618101594869906221e-02
3.100474565196761987e-03
3.664202421501245449e-03
-1.187860806919346663e-03
-8.145457831912963909e-03
-4.235084579922652505e-03
-4.879490422766171029e-04
1.078040758486276812e-02
6.557167179004905547e-03
1.019157984300992411e-03
5.971056947342436895e-03
6.582669506759167809e-03
-1.257905001043678819e-02
-8.493731821448987848e-03
9.538843513028400986e-03
2.717213933846007387e-02
2.122427722785526910e-02
6.481888336207154884e-03
-3.412217280083831150e-05
-3.614718053006354351e-03
-1.646451724246631582e-02
-1.055832874674047725e-02
1.232242310706651960e-02
3.305355257974595257e-02
2.379039846028769764e-02
9.899483850175869529e-03
-2.855587481514289955e-03
-1.286381564311601597e-02
-2.207399290357969085e-02
-7.865475493404975108e-03
1.873702413188552823e-02
3.792840684129542700e-02
2.487496925380884918e-02
1.809859739676751220e-02
1.196753780411126183e-03
-1.464137695245498229e-02
-2.489230624595747260e-02
-5.013643453177923925e-03
1.649907456650367629e-02
4.697338966839410823e-02
3.988449942898984052e-02
3.580580243771773474e-02
3.564302236666192815e-03
-1.044720883396724372e-02
-1.303200396204644111e-02
6.450638055553955391e-03
2.318213569023166998e-02
7.445459242115805287e-02
7.962089158501696462e-02
3.885951347062557848e-02
5.611199882376745329e-03
6.034669894287809054e-03
7.736823937755419635e-03
2.124098489684995289e-02
3.562078495666744921e-02
8.438850952950521789e-02
9.470643198261488593e-02
6.357099783220000744e-02
1.829332831338387200e-02
1.879026731566229083e-02
1.194412532034969110e-02
1.412837632179894491e-02
3.275396268819623369e-02
7.463274698901373183e-02
8.941609883432127814e-02
5.680592927124810537e-02
5.921627579214645484e-03
1.174254437205268092e-02
1.361334183873007947e-02
3.148087892973860935e-02
3.687197431376949830e-02
8.210326287241043186e-02
1.027486760965625329e-01
6.512458308995028311e-02
1.357163286180064661e-02
2.822153643655677790e-03
-1.399026562673082001e-02
8.108652613268679376e-04
1.199100556514790666e-02
6.478407167782415654e-02
8.646390627443870103e-02
2.792235176783696912e-02
-1.713462489206702896e-02
-3.013736194123623965e-02
-3.378391311234916344e-02
-3.997154292265104464e-02
-1.550986790736944010e-02
4.644724860805796857e-02
7.601794879261125626e-02
2.094060818337959914e-02
-1.558518569562860646e-02
-4.662519510260249023e-02
-3.539510325408404962e-02
-5.239580878146036375e-02
-1.336032077322031955e-02
4.057702017652202453e-02
7.163128399283444359e-02
9.713316060150569906e-03
-1.783509186298319615e-02
-4.673223952335618658e-02
-3.757834575744207345e-02
-5.088097159532215669e-02
-2.051010057703003472e-02
3.084849825549213290e-02
6.453984149145794436e-02
1.178672137902519665e-02
-7.049243264634945209e-03
-2.578241535490223904e-02
-3.594379777782957114e-02
-3.673472124269931693e-02
-1.409599916420220186e-02
2.413922660458037509e-02
4.268457120386647680e-02
5.887393090909860682e-03
-7.138035664525505843e-03
-8.917453604505827872e-03
-2.862665293756087859e-02
-3.633365792013600742e-02
-1.667447289869524243e-02
8.980815895652964620e-03
2.691997385325589978e-02
7.826677715072663175e-03
2.450728842164873102e-03
1.800612455327695299e-03
-1.183254576125076542e-02
-2.839463066124806034e-02
-2.441063220726269814e-02
-5.675699014276665115e-03
1.864401431852213617e-02
1.544179180892516802e-02
9.999172644966419429e-03
1.657194677889219005e-03
-6.177444790425696067e-03
-1.574094075556717667e-02
-4.032687704884205249e-02
-8.946436239992626438e-02
-8.534253487939641447e-02
-4.910285597984492822e-02
-2.818285689473909103e-02
-1.355589069977971087e-02
-3.605727878866773605e-03
-2.462792352979996380e-02
-5.535321356332527365e-02
-9.302411510744647283e-02
-7.745411773298505054e-02
-5.731633206379086604e-02
-3.410994301020746355e-02
-1.471538501046581841e-02
1.934536698653866252e-02
-2.720595433303765395e-02
-6.817267898734871712e-02
-1.165697518754960083e-01
-9.778144100586994014e-02
-6.934687735864716873e-02
-4.102200447587317500e-02
1.137684851581224291e-03
5.687360276073723242e-02
-5.190109037894544142e-02
-8.758666311516834224e-02
-1.138648531703268935e-01
-7.375350885109414889e-02
-3.402373881859076243e-02
-9.709477031795536034e-03
2.785475954701819093e-02
9.544457576093327844e-02
-1.015816993389063866e-01
-1.173475598314807911e-01
-1.230189617940827540e-01
-7.781091341133911099e-02
-5.747828762843075132e-03
2.166706057196411336e-02
5.481768356424995825e-02
1.072719612717369236e-01
-7.669972662045219935e-02
-5.100723496885904013e-02
-5.906859098476442693e-02
-5.602731769203618539e-02
2.121308104384984211e-02
4.656742529335339970e-02
7.341957011537356137e-02
1.048558855435510057e-01
-3.910391794836129420e-02
-5.060489825288091298e-02
-6.901093443347205980e-02
-7.017178543529285772e-02
2.461562969152515309e-02
6.404827670222822122e-02
8.151952705201542804e-02
1.031227857055232316e-01
-6.026404218754510995e-03
-4.950835082067494425e-02
-6.390737216656212916e-02
-5.222669206236935785e-02
6.635009479915361663e-02
8.970466378201284730e-02
8.233459416312474688e-02
9.486525181114191518e-02
9.384560811964905592e-04
-5.922690779252934301e-02
-4.425173944804997039e-02
-2.207177143279461309e-02
9.376830598537733152e-02
1.191413163497591909e-01
7.286951343875819331e-02
8.137416438025364684e-02
5.334708360692037854e-02
-8.737633713365326737e-03
-9.902557881217797717e-03
-3.449985541694234204e-03
1.101250509542946315e-01
1.435874474801939193e-01
7.209042103419101288e-02
5.296379090923266503e-02
7.154648304340441300e-02
5.573188494806284587e-02
4.236180368776112926e-02
-5.299479471965355855e-03
7.032920315746629680e-02
1.025737437313196110e-01
6.846097768771873537e-02
1.944540597878498950e-02
3.480097674466495206e-02
3.021946593031813594e-02
-1.424926057839764892e-02
-6.261881847725890571e-02
-9.480208647084892998e-03
3.257609451674173262e-02
6.086335993552156182e-02
-5.701301853520380439e-04
4.770758302466371337e-03
2.002079672962932700e-03
-3.829921313711596303e-02
-5.980828674659496164e-02
4.575110679471241712e-03
3.112227090297301976e-02
4.812379417778635954e-02
-1.562832676165469906e-02
-1.730358521057226429e-02
-2.503464329023995585e-02
-4.564662592526728263e-02
-7.407697845150112981e-02
-1.758061769210161537e-02
-7.854392925851397256e-03
1.857258538926173088e-03
-1.614983816051861892e-02
-2.577539558539284834e-02
-4.053295414791571044e-02
-5.899901546518395573e-02
-9.584699783795519457e-02
-3.537333574435728295e-02
-2.157038514495631179e-02
-9.160718490979215603e-03
-1.057464789316457654e-02
-1.948815500614880028e-02
-2.945604591542816050e-02
-5.245400048606739529e-02
-8.267625147784775363e-02
-2.614666602227125325e-02
-1.517813492475346415e-02
-9.612020202413827652e-03
-1.703391979604898998e-03
-8.169761840536794023e-03
-1.982187097728267330e-02
-2.426187522225070267e-02
-2.875914195670547721e-02
-2.333233466523202543e-02
-1.281755079610821281e-02
-7.206628683198514117e-04
2.669489643100984074e-03
-1.014364098833225869e-02
-2.165138384222240961e-02
-2.427436399540925521e-02
-3.054713649535866632e-02
-2.604860947792793022e-02
-2.041149196133231966e-02
5.501384094084102276e-03
7.291799963068420001e-03
-1.038350000905175971e-02
-3.420810046811106203e-02
-5.171533213196763401e-02
-5.824077755883830254e-02
-5.361689862396559758e-02
-2.988602130967398657e-02
1.126609125585163913e-02
3.246192171157850654e-03
-1.878563547316762158e-02
-5.993739088342809468e-02
-6.248496906680127416e-02
-5.305121450532965938e-02
-4.998807440739409108e-02
-1.595110113108426375e-02
1.072361023041685374e-02
-1.397289289312953972e-02
-5.690539911059297462e-02
-8.733058024148027121e-02
-6.748706073455117138e-02
-8.200997505980139879e-02
-7.552892558373192067e-02
-1.658799079482143821e-02
-8.304679790420392907e-03
-5.023764863082786497e-02
-6.663221512636299804e-02
-5.528266253688287474e-02
-4.284277922927640092e-02
-8.438209990398472249e-02
-5.800958914234210367e-02
-5.977188350650268836e-03
-3.232059531872621266e-02
-7.925509162483587722e-02
-2.591637299465906347e-02
-4.161042510537597827e-02
-4.945548723488579768e-02
-7.688486263820928923e-02
-3.411023532095620175e-02
-7.260418061238493696e-03
-5.195069293390641718e-02
-1.031174132137469696e-01
-5.057896077674285500e-03
-4.230352839494608969e-02
-4.511486115774217959e-02
-5.593026523347759821e-02
-2.548529019253328518e-02
-2.534479446140186498e-02
-6.477042125500671876e-02
-1.207393536503135884e-01
-9.192834793109382410e-03
-2.561879691553233668e-02
-2.806273689384200173e-02
-4.937108609371385765e-02
-3.652441577813184126e-02
-3.830992232626114630e-02
-7.852891763714010820e-02
-1.270141176733814159e-01
-2.965677546416047028e-02
-1.737073299302653931e-02
-1.695540531947689264e-02
-4.375262467879275502e-02
-4.409710145867520165e-02
-4.154344023286640764e-02
-8.523774429235805861e-02
-1.186889609511869864e-01
-7.874439197668151036e-02
-3.423257288791979602e-02
-2.590190979786955588e-02
-3.803465571882531926e-02
-3.517668868821974271e-02
-5.972729154533352319e-02
-9.593364493339821830e-02
-9.478379995455432638e-02
-8.259655469599094801e-02
-3.552681599544677687e-02
-3.398454739646156880e-02
-2.257113436230676409e-02
-2.908775866485545022e-02
-5.324130752198743405e-02
-8.116921825373554777e-02
-7.285686511133904197e-02
-6.831587686594584041e-02
-3.418832365297273107e-02
-2.991953121655419046e-02
-1.275132981566588601e-02
-2.434479259214417796e-02
-3.969564999650889575e-02
-5.411532089256959610e-02
-4.590267574758778724e-02
-4.090580901879368320e-02
-2.298457786123758034e-02
-1.402814997370606734e-02
-9.715744781089061602e-03
-2.523917277815712276e-02
-3.037722216647948184e-02
-2.487205279572022448e-02
-3.680717167350166380e-02
-3.363500044040092923e-02
-2.088090317560385711e-02
-1.493265394186813269e-02
-1.708866101667521134e-02
-2.357965901776509776e-02
-1.616192742760369158e-02
-1.039462003516395533e-02
-2.395896920444249775e-02
-3.208458620215239726e-02
-2.890411155209732588e-02
-2.558040714272271504e-02
-1.765484178043262922e-02
-1.483438521114450667e-02
-1.079892701584028204e-02
-5.317596951430535006e-03
-2.609602880965468039e-03
-5.207817148659745973e-03
-7.919187883476588169e-03
-1.362504334247205406e-02
-1.444445978683157883e-02
-1.365287317767661414e-02
-1.212548133739312951e-02
-7.734831109778988155e-03
-4.846566299526335227e-03
-7.842583599148784598e-03
-1.191231526203895795e-02
-1.276634716633413998e-02
-1.328220504457095288e-02
-1.089535084544861546e-02
-1.010688841139144312e-02
-6.219131985299497511e-03
-7.662973717358696757e-03
-1.167136465509460881e-02
-1.561754568006732194e-02
-1.632954597908775271e-02
-2.089373513639042335e-02
-1.400635111894182883e-02
-1.324950858163678746e-02
-6.312348284478474375e-03
-8.772037878801342350e-03
-1.733922287539025123e-02
-2.485477104047151969e-02
-2.413115896190374740e-02
-3.269368298011747498e-02
-2.290357479062104726e-02
-1.879885648475325063e-02
-5.145646480370153625e-03
-4.606639502828021454e-03
-2.953904713777642105e-02
-3.314207781733674585e-02
-3.373121549408754360e-02
-3.448627579899170986e-02
-1.788315853260605964e-02
-1.057040251567766508e-02
1.546662871047457463e-02
1.094943259357366791e-02
-3.941952026375637047e-02
-2.775142080063635122e-02
-2.653400932149925506e-02
-1.970620322178410697e-02
-1.626463896284644287e-02
-2.084629713912119261e-03
4.107006185948403054e-02
1.772068133337262666e-02
-3.865377567275325721e-02
-1.094897274504110472e-02
-6.688086513156848815e-04
-5.722673354469844272e-03
-1.225994597504471290e-02
-1.968366912583232708e-04
5.329792128166999099e-02
2.296501492547400186e-02
-2.016604854022645277e-02
4.203592632388016004e-03
2.213017109551781297e-02
6.724142799696726167e-03
-8.079724769273969112e-03
-5.004717311962472671e-04
4.933025750899164980e-02
2.094316845648660705e-02
-1.288758817170670805e-02
1.330914523099638140e-02
2.553264094730489306e-02
1.204806429381295382e-02
-1.865574687912933917e-03
1.000956544204665080e-02
4.236107060613072961e-02
1.457277656208033449e-02
7.377104276342597890e-03
3.053118893492632810e-02
1.797122729342148784e-02
1.732552777322723947e-02
1.771237201827169719e-02
2.480157136989988992e-02
2.774556948125047121e-02
2.431784975364595716e-03
1.321055267826530891e-02
1.178891388314914565e-02
-2.457585909049919085e-03
1.046371716592500896e-02
1.944395673811406128e-02
1.537674446151075791e-02
2.791525825176103225e-03
-1.326650435268486757e-02
7.205021569215589795e-05
-1.181464794914166561e-02
-1.386455180871075735e-02
-8.385069752135642165e-03
-7.128932408947705711e-03
-8.786186202746907453e-03
-1.182140368748770681e-02
-2.337763930064714474e-02
-1.905692847180274693e-02
-2.357273763000635944e-02
-2.523637825824222303e-02
-2.456448431373025806e-02
-2.053520110465284487e-02
-2.024472581001748525e-02
-1.421799904877999766e-02
-1.753718251091741440e-02
-1.986937713451376875e-02
-1.877819501865641075e-02
-1.761955872694228459e-02
-1.891243714276211185e-02
-1.142598069218402415e-02
-1.256737961120072376e-02
-8.794769330605956698e-03
-1.060525968569564839e-02
-1.244509081387039015e-02
-1.249096204622414732e-02
-1.236744420100958745e-02
-1.398662208746086558e-02
-8.940357407177091861e-03
-7.548987950148577930e-03
-4.215714688007858764e-03
-6.353944603860335258e-03
-8.775920204366972552e-03
-1.052673823391625518e-02
-1.357014803680663129e-02
-1.392369390147601277e-02
-8.671897909057226655e-03
-6.308957095604795368e-03
-4.064555250089929746e-03
-6.507958897974846710e-03
-1.319344855525670518e-02
-3.207057855988196260e-02
-4.139563226172188193e-02
-4.283827021141157348e-02
-3.425238734625939835e-02
-1.785044704636265175e-02
-6.629047626917124875e-03
-8.058432593558860838e-03
-2.039927055405271750e-02
-2.725729437624729856e-02
-2.798970925158624640e-02
-2.331661686536090627e-02
-1.976615143107597616e-02
-1.032801395916828520e-02
-3.684393713822055067e-03
-9.288716095269213338e-03
-2.188562022451016886e-02
-2.564006704045764667e-02
-2.403097699048932501e-02
-2.098024171002923696e-02
-1.676982697219809443e-02
-4.185460773594968688e-03
5.299805072874280926e-04
-7.670034625376388748e-03
-2.029227179990814728e-02
-2.563708237229339257e-02
-1.877984506382569460e-02
-2.024239151116295418e-02
-1.484109547796072168e-02
4.181185953914420134e-03
3.619649155094571691e-03
-1.196531229603187835e-02
-2.141619067528822626e-02
-1.903256278102706187e-02
-1.833682834447623866e-02
-2.007781210908444677e-02
-1.183552413088383680e-02
6.101302651187863685e-04
-3.735564301918539026e-03
-3.409430436617334054e-02
-1.331197893753657824e-02
-5.717731620913031262e-03
-2.524546868210997275e-02
-1.553525834650303777e-02
-1.101354291253903162e-02
-2.302620494296002060e-02
-1.829907640659711801e-02
-5.264672663951117104e-02
-7.617585500818850434e-03
-1.072852721360283146e-02
-1.591672141088007822e-02
-7.108691850981612749e-03
-1.981421138150396208e-02
-3.960956865704586688e-02
-2.669426114292753477e-02
-6.754050626278812475e-02
-1.532984801469247302e-02
-4.663660613199929229e-03
1.415349066689010511e-02
8.850246352409921538e-03
-2.276998098507211632e-02
-4.361432250434801872e-02
-3.312461559117485521e-02
-6.784260135720289464e-02
-2.077996712624628761e-02
-4.899504077868933199e-05
1.544016873878228946e-02
7.805666815024685928e-03
-2.034871683586840507e-02
-3.402354389139065904e-02
-3.852953333234571121e-02
-5.705670808008028033e-02
-1.629744155412988019e-02
9.838531007729184666e-04
-1.031033185942118249e-02
-1.799961075179999650e-05
-6.389134229352884213e-03
-1.928398140297964136e-02
-4.259711528055262070e-02
-3.451248079219789572e-02
6.836092651433228317e-04
-1.244522818819751402e-02
-2.534462073435249374e-02
-7.595673623588899970e-03
1.486853465150374384e-03
-4.700168059687942750e-04
-3.230920342591783734e-02
-1.920969334467885481e-02
4.252574830300570770e-03
-1.364023766386352789e-02
-1.770675874195016750e-02
-7.498592591347096395e-03
-7.927371423401469164e-03
-6.170010612648808498e-03
-2.492981758478083829e-02
-8.667816089847560010e-03
-1.589401993006346256e-03
-1.797761288895508708e-02
-1.979793785080533053e-02
-1.407351176150100670e-02
-1.904123213190122774e-02
-1.812635193551032087e-02
-2.397273534577527496e-02
-8.717655776729588135e-03
-9.139771167564106347e-03
-2.179504119807178578e-02
-2.800626743427352822e-02
-1.585117280146516178e-02
-2.041676828062398419e-02
-1.727558343613142325e-02
-1.842043850893429133e-02
-1.050691340347006952e-02
-1.222277934749971436e-02
-2.040962603144969023e-02
-3.155630714838116024e-02
-2.192391641373338945e-02
-2.968645889719186831e-02
-2.425398813903489881e-02
-1.518879252250063087e-02
-9.777280776503697451e-03
-1.402618827984213751e-02
-2.293937500984110853e-02
-3.672537213531638922e-02
-3.971978332728386824e-02
-3.981274156983771739e-02
-2.015146806801665011e-02
-1.243918366569045190e-02
2.518805482811661833e-02
2.757579905129094178e-02
6.462949603654645318e-03
-1.353266316665116716e-02
-1.311177824668432849e-02
1.285230141610483982e-02
3.630978322937088165e-02
3.768600822508532538e-02
3.252348134442446803e-02
4.550618382446960236e-02
2.512656100235848358e-02
-1.464723938134977928e-03
-6.546177543052336418e-04
2.886881056180893440e-02
4.906740970952661041e-02
5.285688092692184675e-02
2.969043281029293269e-02
4.241702507729260690e-02
3.505107760121017185e-02
1.019241991726080841e-02
9.552630460864960232e-03
4.405810416676183422e-02
6.498066739995379815e-02
5.528274214375530210e-02
2.639932035361399268e-02
3.146506383357627196e-02
3.200821677475212262e-02
3.014356201043248695e-02
3.347351571281212412e-02
6.227029160338058700e-02
7.485891689195041387e-02
4.534650533918706261e-02
1.556773320216069643e-02
1.919369318173542310e-02
2.799561200025969462e-02
3.209249000738254032e-02
4.993586072591044145e-02
8.283212793411043329e-02
7.076455244425355895e-02
2.867346540598213547e-02
-4.560801520459840225e-04
9.114730710227019264e-03
1.918110189073543928e-02
3.025586652827964851e-02
6.083214799043520221e-02
8.737645513502607930e-02
5.525130645663161449e-02
2.078345505956040451e-02
-1.625996931902573550e-02
-8.337646134395089448e-03
-4.887004666057416817e-04
1.968144752980144005e-02
6.678737736023997174e-02
7.421841472949371188e-02
4.327746465811050519e-02
1.762939309052952153e-02
-2.506527875644359513e-02
-1.246586968759337381e-02
-1.247291895963891471e-02
7.767105215949574037e-03
5.697968874648526999e-02
4.657928460610537280e-02
3.590313803520315400e-02
1.097415335852766106e-02
-2.684918928515333744e-02
-9.027194559780845479e-03
-1.113677631938141338e-03
6.935558346723314643e-03
3.135842399286432186e-02
2.859231034168726454e-02
2.011970234245483158e-02
3.209831255553597176e-03
-2.324027410080763481e-02
-2.018679866051587436e-03
2.134325974700873596e-02
9.978803375514726584e-03
1.843640271830583252e-02
1.737257104460375456e-02
1.701940723277455339e-02
3.212776883252198463e-03
-1.102583450660941412e-02
1.858455473531329949e-02
3.545543638633716355e-02
-2.057345798924704958e-03
-1.130883190746348032e-03
9.877262550634542670e-03
1.506142328859843248e-02
7.524611182603475369e-03
4.871869789364027727e-04
2.752441240910961581e-02
2.824800531181650629e-02
-1.559346572363574804e-03
-1.320464246678755213e-02
3.198766372703332628e-03
1.592942241314541929e-02
1.037521977758130466e-02
2.578194024206698423e-02
3.317771233153115479e-02
2.326298083256009633e-02
4.864458584714911361e-03
-1.762234961322744348e-02
3.545090452909484529e-03
1.902844893948985733e-02
1.324167451790255259e-02
3.598453989898262040e-02
3.226276242937003297e-02
2.617492444307218183e-02
6.988467252444373508e-03
-1.496700148944382115e-02
2.158618654072692010e-03
1.469251230896612831e-02
1.213848520868639029e-02
3.498581121700888169e-02
3.077329127452662835e-02
2.747494269594173352e-02
1.042755499342308372e-02
-7.130958136687041635e-03
-1.597891717094393623e-04
1.053821440800548764e-02
1.032000057975488057e-02
2.865689221730117336e-02
3.349798244671020608e-02
3.321603138919324016e-02
2.225700252825112829e-02
3.106297652044527364e-04
-9.967181023826207804e-04
9.050716183221615280e-03
6.285388097565580007e-03
-1.142425644869258551e-02
-2.332512070854031103e-02
-3.556729218249223001e-02
-6.077563668677958553e-02
-8.370951138901257249e-02
-5.289395776744701405e-02
-4.095687163782779638e-02
-2.052284968006911139e-02
-1.221814196711431232e-02
-2.467311319963932936e-02
-4.024537706836357059e-02
-5.005016582504684397e-02
-6.486934076760676737e-02
-5.617602765466726822e-02
-6.031906541196370430e-02
-3.444291328501499633e-02
-2.495411710263989793e-02
-3.425835266198073992e-02
-5.811748921939975665e-02
-6.275829720013352542e-02
-1.108233393605425193e-01
-9.866479941513565943e-02
-1.013187244990908786e-01
-7.862082094206343519e-02
-3.321415235847772346e-02
-7.053024951937214571e-02
-8.756798166578523557e-02
-9.639621619711608025e-02
-1.750614283218948075e-01
-1.571070041390967564e-01
-1.496961043295133020e-01
-9.752716355599248821e-02
-5.002772632379184209e-02
-7.405482750757540200e-02
-6.011489842438301479e-02
-1.472081550121915328e-01
-1.678063878872786685e-01
-1.261242745931573095e-01
-1.438074497631972593e-01
-9.779103405714541231e-02
-9.086617734123970946e-02
-8.143195074987087667e-02
-1.429586647986741121e-01
-1.832913744672201861e-01
-1.140208668030466693e-01
-1.337278521715931090e-01
-1.488811930922028237e-01
-9.265619486952128558e-02
-1.679048317963072745e-01
-1.378062024068781866e-01
-1.919971209782618538e-01
-1.681474542253242055e-01
-9.712734823572104215e-02
-1.439250498326403727e-01
-1.249512793694223939e-01
-8.991838334265427057e-02
-2.128025167342860180e-01
-1.519068396389120223e-01
-1.441665156508551149e-01
-1.365768820101414260e-01
-1.504807834733371819e-01
-1.428945383014831039e-01
-8.614429573068457802e-02
-8.326735670779132625e-02
-2.593176217563704089e-01
-1.429257451265680823e-01
-1.153065751705290021e-01
-1.090685639250226352e-01
-1.520719867179048668e-01
-1.303875032763376074e-01
-8.389865224111744957e-02
-8.722670246662606042e-02
-2.455634628900800476e-01
-7.869656717170253613e-02
-7.508474423781495710e-02
-8.161859458565284831e-02
-1.425634787012326210e-01
-1.391512955510313121e-01
-7.533380264705645535e-02
-8.948783959630311757e-02
-2.119146879660159521e-01
-6.937979194082362355e-02
-7.204473349965974383e-02
-1.065660947950467646e-01
-1.164836957437304643e-01
-1.151913130311538191e-01
-7.099887420153565276e-02
-7.344360004496532091e-02
-1.833760184610467581e-01
-9.821311717185519929e-02
-6.737223116737198203e-02
-1.052403409732105000e-01
-6.956657324858527003e-02
-7.513810243826037072e-02
-6.429926353792268789e-02
-7.833474068890124153e-02
-1.398865850285738455e-01
-1.321362938388390418e-01
-1.233836590371222980e-01
-1.466595446741831565e-01
-1.091183797148799345e-01
-9.392897781775254307e-02
-7.285391589870240936e-02
-6.966623071391131461e-02
-6.963084524093786365e-02
-8.572453406117878927e-02
-1.052198254230515551e-01
-1.304546258197550046e-01
-1.109532865008503594e-01
-8.672708281398512631e-02
-6.543497765610692407e-02
-3.991459920032500858e-02
-2.698431774553986320e-02
-3.415003053226910168e-02
-4.951947134626808605e-02
-7.746609588041246386e-02
-6.362646012035916288e-02
-2.863208502715132442e-02
-2.694762569603906949e-02
-1.432887082121718850e-02
-1.788124154031405649e-02
-3.689233876813310248e-02
-6.006936416629676811e-02
-7.281776983750631871e-02
-6.293434655478531703e-02
-2.430475526775992962e-02
-1.684111626103210885e-02
-7.119749074720138800e-03
-5.509149594799802804e-03
1.018494795712619472e-01
5.467290917659154564e-02
1.371471622406988597e-02
-2.453787171604078412e-03
1.152681203632062272e-02
-3.253412852935002372e-03
-5.753371023636931134e-03
-3.792009385344248962e-03
-3.095120691293196113e-03
1.944546312523281334e-02
7.012672458427961220e-02
-9.183899698159025959e-03
5.008837375315899898e-02
-2.295308082157739189e-03
7.960574348341792686e-03
-1.346757745603372781e-02
3.920600661315173235e-02
-1.210399496416231756e-02
8.204715362815165336e-02
-7.932397891875180365e-03
-7.727442330917261640e-03
-3.357267239536389138e-03
1.502795881251470234e-02
-4.807950326007869209e-03
-1.003785075876349048e-02
-3.446133125868331044e-03
1.969589923855790195e-02
-1.754065060192167838e-03
-9.768990570324934813e-03
-2.564600372968573773e-03
-3.637604730455838188e-03
-2.488062763033885728e-03
-2.853758113885581163e-03
1.271316922133969469e-02
-2.150724842733977779e-03
-1.013559298485556398e-03
6.180458380046877087e-02
-5.794938013131419909e-03
-1.335817655054688351e-02
1.506260906787246744e-02
-3.949559229125183292e-03
-7.120703634313492285e-03
1.401892451744665875e-02
-4.370408101212658152e-03
-2.745363022200015494e-03
1.093792407379370196e-02
-4.507210294382978273e-03
-2.417861272011673484e-03
-2.843709631528446545e-03
-2.474434188355104265e-03
-6.695733807528211554e-03
5.962057283504346855e-02
-1.659682586442103210e-03
1.122691525768265697e-02
-6.653409159200745354e-03
1.840462827941966376e-02
-3.129284571039101827e-03
-2.578046255295842262e-03
1.629202072481763033e-02
1.630339957716078758e-02
-4.292538769566682337e-03
2.935276818517015135e-02
5.454595582406860169e-03
-4.860812282058204863e-03
-1.472324395842877255e-02
5.721874731904237621e-02
-6.570117817103858851e-03
-8.370820518318519352e-03
-6.934640527969177654e-03
-5.321315919961303390e-03
3.245714899605165599e-02
-7.285598810323363865e-03
-3.746631619948261830e-03
-1.578446156118920368e-03
-1.790953357332719913e-03
-1.634682453952204535e-03
-1.268076684367663853e-02
-1.155055270887511004e-02
-6.692093744578807117e-03
-7.095566363242765927e-03
-7.901363257312806268e-03
1.277741582257157366e-02
-1.774054607872118522e-02
5.686821430928704069e-03
-8.612461137105082570e-03
1.714051846900610868e-02
-1.261021889618059791e-02
-5.999994642838102007e-03
-3.521669852199942052e-02
-1.452817547737224844e-02
-1.096066510105399849e-01
1.190369377371953107e-02
-1.424662366206987628e-02
-2.850272385512616496e-02
-1.734099923387845410e-02
-1.780471300790827452e-02
-1.839181924539544377e-02
-5.438459558177357288e-03
-2.108105477635494399e-02
-1.073898143950353587e-02
-8.095007131211112705e-03
-6.717768623979817298e-03
-4.942715026434461173e-02
1.216130669989806505e-02
-3.455089053909566211e-03
7.270000285761198111e-02
8.746170748116317839e-02
1.442047425589200113e-02
-5.663200444191877035e-03
-1.615022653238685829e-03
-1.805529218288050124e-03
-3.330908702514507550e-03
9.894970764843389471e-03
1.617282711740014242e-02
-1.402414889506797694e-03
2.563841035835087018e-02
5.455581471723993520e-02
1.545571575265440936e-02
-4.015392977369925016e-03
6.176505995753613781e-03
8.708946660930245998e-02
3.685683216362987263e-02
2.744827492898279861e-02
-7.911478471472520313e-03
1.847769105522616487e-02
-2.434853526803128308e-03
3.654203680981097518e-02
-1.750391867939596075e-03
-8.230230674800029927e-03
-8.282313679786542510e-03
-4.613595644634998008e-03
-2.942292113997999406e-03
-1.882809079174739900e-02
1.113381509708087289e-02
1.427524314130472483e-02
-5.545875422884598456e-03
-5.419693336712000029e-03
2.813208775846337550e-02
-2.947958417370287292e-03
-2.341261490685194162e-03
-2.154961481336214318e-02
-7.297024475469291588e-03
-2.300042911388225364e-02
2.207359048053592065e-02
-3.937435202768937471e-03
-1.322314226169896828e-02
-1.251829116609723402e-02
-5.527339667616266126e-03
-8.611182065772089375e-03
3.503521796448934907e-03
-5.161214323746048105e-03
-3.708131617366335498e-03
-3.434869523786865126e-03
-3.121810540713870850e-03
-2.163432971831968574e-02
-2.424748157439298151e-03
-2.612521482491800880e-03
-2.604516151267619387e-03
-1.569314870809776843e-02
9.442680814005767476e-03
-6.563439110561013375e-03
1.796171327586508146e-02
1.275391300871762251e-02
1.676703123593342379e-02
-3.060741525565697802e-03
-1.138880544556341310e-03
9.617773409342951496e-03
-4.894123309570822325e-03
-1.925205128296075471e-02
1.521393335394827587e-02
-2.971622124166943806e-03
-6.010181078652528791e-03
1.162100255019493655e-02
-3.576008607226320753e-03
-3.077986665906503119e-03
-6.625478695922645649e-03
-4.660977381741356583e-03
-2.497021422615110318e-03
-2.013135711124326623e-03
-2.006389114362325515e-03
-5.646892814344640042e-03
1.941761360583346696e-02
-2.151273420182708059e-03
-2.549245447663428792e-03
-1.182293669253597392e-02
9.910644468102696933e-03
-4.157682492174378727e-03
-1.621483906719945389e-03
-1.677041135893839142e-03
1.602420086723076176e-02
-2.397208324618707413e-03
-1.477153453147306934e-03
-7.392776993027700208e-03
-3.171930559480160439e-03
-2.722726014888295076e-02
1.651785979046631325e-02
-2.531249402869005256e-03
-6.305551508101693917e-03
-3.915648818339776890e-03
-6.602201415954421330e-03
1.055905627508402916e-02
-5.422975688098629309e-03
-2.980410968791572749e-03
-1.682136371034222101e-03
-3.140296499820588449e-03
1.508694653549324388e-02
-9.826918383514619826e-03
3.887522133561953364e-02
-3.844954500312716857e-03
5.860872255593549407e-02
1.198015110844408322e-02
1.318678698115952931e-02
2.737316619673704765e-02
1.234991629498966535e-02
-2.667744546000184840e-03
1.381962340577909572e-02
-2.779043020466831927e-03
-1.451791693605245740e-03
2.023444679035724114e-02
-7.493913467878697207e-03
2.095581461243075372e-01
4.225102494461886043e-02
-8.011277418090214167e-03
-8.076723316454467727e-03
-7.920985086242431777e-03
3.196026030811957575e-02
1.984957539939171192e-02
-7.070975100024327539e-03
8.952176012999671709e-03
-3.119021730537519833e-03
-5.010556191094233530e-03
-2.780643215014835107e-03
4.981264106205257614e-02
-3.372699939962368193e-03
-2.552754429659070436e-03
-1.685020208083507203e-03
-1.486016646623274269e-02
1.312493262001148894e-02
-3.899504439882126201e-03
-2.815553472863151999e-03
-3.190499427181438946e-03
-4.638057128812038410e-03
-1.953580136766217609e-03
-9.593061734666650164e-04
-6.697735402326224219e-03
-2.959630227941445653e-03
-1.197341141840512803e-02
-1.873304718134757938e-03
-4.523646941322036902e-03
-4.387100083666327886e-03
-4.015524196730945253e-03
-5.703885197410689042e-03
-3.165787787566730783e-03
1.615307131702177013e-03
-6.058017074525824490e-03
-1.310355611241083599e-03
-3.260882352537547435e-03
-2.716931052114906694e-03
-9.193289304773295464e-03
1.843718347503640193e-02
-1.326717520171418569e-03
-1.303463662876873982e-03
-4.061460529353700007e-03
3.745661396275316163e-02
-1.755588504639658820e-03
-1.421713126136721307e-03
-9.070241627622435514e-04
3.762815547865774185e-02
-1.461063060774726039e-03
-1.159708591226209012e-03
-6.790646762675576348e-03
-3.336214902574985344e-03
-1.317246546219953815e-03
-8.729757495346945201e-04
-1.563751171540252215e-03
-3.387779406956441686e-03
-1.966519310454975002e-03
-3.774520196914698915e-03
-2.143787628746402028e-03
-7.365284986311984930e-03
-3.703183295962572674e-03
-1.137082537160667706e-03
-1.644113045099375187e-03
-1.608270116093619712e-03
-7.511200616153405202e-03
4.203169926007850783e-03
-1.071633307636004305e-02
1.120530885207389124e-02
-2.293096484659038273e-02
1.023487513476705468e-01
-1.567573608395061990e-02
-5.710158107207640235e-03
-1.374490579862825551e-02
7.053427176848095503e-02
-6.484154320057095196e-03
-4.867340328570005786e-03
3.820256765233118797e-03
-2.304208723705109332e-02
-6.409230740105874291e-02
2.552869979279268411e-02
-1.222835514133479087e-02
-1.736003132509688143e-02
-3.152690225916505995e-02
-2.155807484088153453e-02
-1.211046909481389329e-02
-2.997675681495888880e-02
-1.638135112227554965e-02
-4.499043786326194574e-03
-8.467028360846895474e-03
9.792758523749138522e-02
-4.878648382410306211e-02
3.034996464761603382e-02
1.694102530615522809e-02
-3.906253552474419667e-03
-1.550583962097160616e-02
2.777966610951395493e-02
4.984319309629162663e-03
-3.148852335226241892e-03
-5.708918824714710911e-03
9.931552297161539908e-04
-4.713206638387116773e-03
-1.753600805785542798e-03
-1.457773510767260139e-02
8.095745439719720382e-03
-3.996705321600617367e-02
-3.860119344812088567e-03
8.569973104764321004e-02
-1.024492526365501817e-02
-1.080236625750134044e-02
-1.090344699637022831e-02
-6.591165333547451335e-03
-1.310242981248838957e-02
-1.030535582336893595e-02
-4.526226820646695077e-03
-5.494085503176931659e-03
-3.199007559528531386e-03
-1.767006514058111141e-02
-2.425227912109301567e-02
-2.258757772220001958e-02
1.828134089074178251e-02
-6.709072119279679836e-02
3.666414958164617571e-02
-4.058456890486078494e-02
2.200478447257661063e-01
-2.002016361093334612e-02
3.762613818822052592e-02
-1.373035071941163497e-02
-1.254611336679284025e-02
-5.184498618200506642e-02
-3.386109649218736056e-02
-1.567044254116798097e-01
6.549519614852487674e-03
-3.381453111732318079e-02
-5.598329802526522125e-02
-3.130540987201949760e-02
8.808489850239614033e-03
2.541859450238100407e-02
-3.714239783221914837e-02
-3.432550888554682100e-02
1.189846687452846344e-02
-2.640064493101771173e-02
-1.304371133913569125e-02
-7.261656887013213935e-02
1.504820264167945447e-02
1.950789974841820110e-02
-2.219918230333994911e-03
-1.432919024332412160e-02
-1.700343441550459817e-03
-2.783507256757447069e-03
1.522436839062250684e-02
-2.190802167399612775e-03
1.918193511192975431e-02
1.287580926821519506e-02
1.460907081493362063e-02
1.242288151941897678e-02
7.785369326160647419e-02
7.064513774059341666e-02
1.399505580184186825e-02
1.471344613962337171e-02
-4.388596470638416944e-03
6.024658015735293720e-02
-4.435304643938266581e-03
-2.343137540376557647e-03
6.925526359270105237e-02
1.628685007438943760e-02
3.240849934751410116e-02
-1.667843812595974249e-03
-1.760723633454205602e-03
-7.557279240485731235e-03
1.858827351530666777e-02
-3.932629852612366111e-03
-4.433418612556914648e-03
-2.065876930395321026e-02
1.323996008736267119e-02
-5.665998011302165148e-03
-2.371389105041891640e-03
3.109439347344557583e-02
-3.866857497013860643e-03
-5.232064296004406562e-03
-2.614253330880301866e-03
5.465067964995245706e-03
-4.299397721320016678e-03
-3.250470735319017229e-02
1.951792892934228751e-02
9.893965366091043989e-03
-8.989594819203076959e-03
3.397228272846138097e-02
-7.280944862587210124e-03
-4.248128602429233555e-03
-1.290250882390758976e-02
-6.641088131239684771e-03
-4.138906433933289830e-03
-5.218317272294688627e-03
-2.374761218451127386e-03
-1.222779435183971725e-02
-8.734474899679139231e-03
-1.014927062382252679e-02
-5.574667666959122643e-03
-2.929177190913637152e-02
-9.933917235007042046e-03
-8.808908021914757178e-03
-7.875439941849395054e-03
-4.493261635650983368e-03
-1.299017855987061494e-02
-6.404107563023110801e-03
-4.326491186935173087e-03
-2.053223126241140659e-02
-8.570723560125684259e-03
-7.410857782164374796e-02
-5.866442331209335490e-03
-1.366947912871514445e-02
-2.244903805819725706e-02
-8.872234429370646352e-03
-1.230201786324547526e-02
-5.606260508833386079e-03
3.484333980189946445e-02
-7.615850288580550478e-03
-3.040549009172600209e-03
-4.274437343512136125e-03
-4.210027572779335980e-03
-3.166599977557935097e-02
6.947505148067344150e-02
1.295780156203425564e-02
-4.188509011424450777e-03
-1.914281278213450163e-02
1.705456549471313227e-02
-7.063392074444767993e-03
-3.872806660712740066e-03
-6.130787512488020292e-03
6.037892522629349779e-02
-3.867432219873264201e-03
1.717560806537793763e-02
-2.924036821709671136e-02
2.333401995709460594e-02
-2.706562128943612588e-02
7.299468611025228260e-02
-1.059648287384802601e-02
-1.102011747373293771e-02
1.207799179102595974e-02
-8.014470626293295971e-03
6.250263592233575374e-03
-1.424053500231966737e-02
-5.726950281714233287e-03
-5.970721894509169875e-03
-4.657087814359118193e-03
-2.971918745715170212e-03
-1.872144298891164488e-02
-9.904491480988637450e-03
-3.713117164582002694e-03
-5.839537325903955411e-03
-2.578173363871459275e-02
7.061407229232232602e-03
3.845435857069141265e-03
-6.982253761578943903e-03
1.801861227489664000e-02
-1.267795208276443521e-02
-4.964349357719690520e-03
-2.287511380644947738e-03
1.409013776443626112e-04
-1.548370929676495637e-02
-2.996219777818159499e-02
-6.856368601318316158e-03
-9.698316823943630566e-03
1.639844561368705754e-03
-1.622171819103193635e-02
6.580705759448562259e-03
2.266020779209830180e-02
-1.300606270612609042e-02
-1.062463893896167799e-02
-3.837181088968439659e-03
-6.005971339523424705e-03
-6.040266615631853520e-03
-2.867557788697708970e-02
1.890548799332217658e-02
-3.584725752201368878e-03
-5.378347787426737865e-03
-9.238067394625647244e-03
6.092371383540820529e-02
7.678931781866372812e-03
-3.452380367830247716e-03
7.737446735082142979e-03
1.053146856456909780e-01
-5.611140202134084348e-03
-2.108663246970097788e-03
-1.150127059249871769e-02
-3.801609215760047913e-03
-2.743669080142453059e-02
-2.795615897972743031e-03
-5.939910391578572153e-03
-5.592899165635916575e-03
9.568253289756134539e-03
-4.887072519584690494e-03
3.058743973944824147e-03
-7.564318387233950197e-03
-3.678210686247419901e-03
-1.618306197134819664e-03
-2.327172904342811755e-03
1.265223481613521328e-02
-1.763385699340493801e-02
1.061766238038565346e-02
-4.855923744377922853e-03
-1.047515124082591155e-02
-2.176152237527110428e-02
2.635354109147685590e-03
1.082990567310409061e-02
1.177692530368783068e-02
-5.391701626659012488e-03
2.798502741969058349e-02
-5.716366052377665208e-03
-5.955491610304005506e-03
2.192524464764120454e-02
1.313445014570130236e-02
-1.009752977753801927e-02
-3.678054193060733678e-03
-1.020291629626336044e-02
-2.036619979058083493e-02
4.811444499424649864e-03
2.577189958953797141e-02
-1.230261613527603923e-02
-2.061309993179742325e-02
6.716909361257608537e-04
-3.992175205877935076e-03
-9.521539810186113381e-03
-5.204186726572841357e-03
2.708744460127217920e-03
-9.333998199635569828e-03
-3.196488095893276760e-03
-5.155610248768700658e-03
-2.027385949949114460e-02
3.945192287582920121e-02
-6.278406784191913059e-03
-2.757682601554570061e-03
-4.903011548216560343e-03
1.563474561899020135e-02
-2.957173177519628778e-03
-2.819358551787224092e-03
-2.367379752929929179e-02
-6.428214020560384795e-03
-4.062473775063787929e-02
-4.849167214310169151e-03
-7.554125301521020033e-03
-1.291058953182803656e-02
-9.457511633073439200e-03
-9.816311126973632437e-03
-8.128021817047815720e-03
4.687961617522265240e-04
1.471757361416041812e-02
-2.125726976927089663e-03
-2.863051679827950582e-03
-2.222714377370922471e-03
-1.220490851914421415e-02
1.877726679007600194e-02
-1.227543269034208316e-03
-1.230753479007140822e-03
-5.874320888337215135e-03
-1.195496992582452964e-03
-1.914134890395351478e-03
-2.651134594240146108e-03
-2.510373986701767372e-03
-3.615333709574894156e-03
-2.127611595706604009e-03
-1.543455089845108567e-03
8.084598371492161817e-03
-2.240838718491632280e-03
-1.172543344436156529e-02
2.000002958312856183e-02
-2.365732666151228961e-03
-6.737471486163808948e-03
-3.150818425213597514e-03
-4.547799211569286335e-03
-2.869503648245291024e-03
-7.085838947307616584e-03
-4.144357449266627795e-03
-1.517616662275935759e-03
-1.345756490360919223e-03
-1.743969545334143672e-03
-8.830016392291598071e-03
-3.366878587647744499e-03
-3.081361498843591343e-03
-2.148772368119391488e-03
-1.256421195252686168e-02
-3.186690169079324595e-03
-4.881339324630812847e-03
-3.820562749838957422e-03
-1.919662894647248142e-03
1.581958288187552270e-02
-2.107136547815122597e-03
-1.461846641848892764e-03
-6.356411657636174863e-03
-4.051165186506791582e-03
-1.962508176500451715e-02
-2.976397670688771865e-03
1.592382277366550039e-02
-9.106268648572042254e-03
-5.081963741027091357e-03
-5.966608618209408993e-03
-3.651763549402589973e-03
-9.997754975946290118e-03
-2.908101732786357377e-03
-1.229322075512673728e-03
-2.803398547353939431e-03
-1.897262590378032089e-03
-6.136444603383874562e-03
-2.832095433923667582e-03
-1.219204809082390486e-03
-1.839413159123579142e-03
-6.500267071854025878e-03
-1.393629163865067961e-03
-5.122190686681182825e-03
-2.498531452056922293e-03
-2.616380775179220474e-03
-2.355501247449366415e-03
-2.258027316961714378e-03
-1.819528935377093867e-03
1.298458620921652713e-02
8.522452299373714860e-03
-1.256356102534592414e-02
-2.444599701331508917e-03
-3.017615521216128385e-03
-4.629324334953051172e-03
-6.679436329630823906e-03
-3.607959019539560067e-03
-1.548485035660094938e-03
-4.238673785972263061e-03
-4.559354875994570122e-03
-1.930932592798423851e-03
-3.340583520354214412e-03
-1.876200749737977173e-03
-5.441360350539489049e-03
8.016814033569223501e-04
-8.188667821286327309e-03
-1.475092792104278246e-02
-3.157625739004552012e-02
-4.724860160302593571e-04
-1.318524565357761039e-02
-1.222952671169120348e-02
-1.110831586530594377e-02
2.426587031973285319e-02
-1.075731901504076854e-02
-8.750570810406695793e-03
-1.436528623093070132e-02
-1.347134147137496636e-02
-8.668638744271427166e-02
-1.244844117341670393e-02
-1.341894373027588232e-02
-2.147776049150070324e-02
-2.377296046382089412e-02
-2.845389863725602750e-02
-1.794894205691477049e-02
-2.226029228602503796e-02
-1.649085032677445953e-02
-6.655077713478338604e-03
-5.853618490668206255e-03
-8.232336776995178088e-03
3.337551161431338842e-02
